moviename,charactername,time,totaltime,release,chrono
Ant-Man,Adrian Toomes,0,19,12,13
Ant-Man,Agent Phil Coulson,0,18.75,12,13
Ant-Man,Aldrich Killian,0,12,12,13
Ant-Man,Alexander Pierce,0,12.75,12,13
Ant-Man,Algrim,0,6.25,12,13
Ant-Man,Ancient One,0,17.25,12,13
Ant-Man,Arnim Zola,0,10.5,12,13
Ant-Man,Ayesha,0,3.5,12,13
Ant-Man,Baron Mordo,0,17.75,12,13
Ant-Man,Betty Ross,0,27,12,13
Ant-Man,Bruce Banner,0,112.75,12,13
Ant-Man,Bucky Barnes,0.25,43.5,12,13
Ant-Man,Cassandra Lang,4.5,4.5,12,13
Ant-Man,Chester Phillips,0,9.25,12,13
Ant-Man,Christine Everhart,0,5.25,12,13
Ant-Man,Christine Palmer,0,12.75,12,13
Ant-Man,Clint Barton,0,32.5,12,13
Ant-Man,Col. James Rhodes,0,46.5,12,13
Ant-Man,Crossbones,0,8.5,12,13
Ant-Man,Darcy Lewis,0,17.25,12,13
Ant-Man,Darren Cross,14.5,14.5,12,13
Ant-Man,Dr. Abraham Erskine,0,8.5,12,13
Ant-Man,Dr. Helen Cho,0,3.25,12,13
Ant-Man,Dr. Stephen Strange,0,76.25,12,13
Ant-Man,Drax the Destroyer,0,34.5,12,13
Ant-Man,Ego the Living Planet,0,17.5,12,13
Ant-Man,Emil Blonsky,0,18.5,12,13
Ant-Man,Erik Selvig,0,24,12,13
Ant-Man,Fandral,0,9.5,12,13
Ant-Man,Frigga,0,6,12,13
Ant-Man,Gamora,0,55,12,13
Ant-Man,Gen. Thaddeus Ross,0,17.75,12,13
Ant-Man,Grandmaster,0,6,12,13
Ant-Man,Groot,0,29.5,12,13
Ant-Man,Hank Pym,24.75,24.75,12,13
Ant-Man,Happy Hogan,0,17.75,12,13
Ant-Man,Harley Keener,0,6.25,12,13
Ant-Man,Heimdall,0,13.5,12,13
Ant-Man,Hela,0,12.25,12,13
Ant-Man,Ho Yinsen,0,11,12,13
Ant-Man,Hogun,0,8.25,12,13
Ant-Man,Hope van Dyne,15.75,15.75,12,13
Ant-Man,Howard Stark,1,8.75,12,13
Ant-Man,Ivan Vanko,0,20.75,12,13
Ant-Man,Jane Foster,0,46,12,13
Ant-Man,Jasper Sitwell,0,5.5,12,13
Ant-Man,Johann Schmidt,0,15.5,12,13
Ant-Man,Justin Hammer,0,16.5,12,13
Ant-Man,Kaecilius,0,12.75,12,13
Ant-Man,King Laufey,0,3.5,12,13
Ant-Man,Korg,0,3.75,12,13
Ant-Man,Kraglin,0,6.5,12,13
Ant-Man,Laura Barton,0,3.75,12,13
Ant-Man,Liz Allan,0,9.75,12,13
Ant-Man,Loki,0,75.25,12,13
Ant-Man,Luis,7,7,12,13
Ant-Man,Malekith the Accursed,0,8.75,12,13
Ant-Man,Mantis,0,11,12,13
Ant-Man,Maria Hill,0,11.75,12,13
Ant-Man,May Parker,0,5,12,13
Ant-Man,Maya Hansen,0,8.75,12,13
Ant-Man,Natasha Romanoff,0,89,12,13
Ant-Man,Nebula,0,15,12,13
Ant-Man,Ned Leeds,0,13.75,12,13
Ant-Man,Nick Fury,0,43.75,12,13
Ant-Man,Obadiah Stane,0,22,12,13
Ant-Man,Odin,0,23.75,12,13
Ant-Man,Paxton,4.5,4.5,12,13
Ant-Man,Peggy Carter,0.75,20.5,12,13
Ant-Man,Pepper Potts,0,64,12,13
Ant-Man,Peter Parker,0,84.75,12,13
Ant-Man,Peter Quill,0,82.5,12,13
Ant-Man,Pietro Maximoff,0,10.25,12,13
Ant-Man,Raza,0,6,12,13
Ant-Man,Rocket Raccoon,0,39.25,12,13
Ant-Man,Ronan the Accuser,0,7.75,12,13
Ant-Man,Sam Wilson,2.75,28,12,13
Ant-Man,Samuel Sterns,0,7.5,12,13
Ant-Man,Savin,0,6,12,13
Ant-Man,Scott Lang,50.5,56,12,13
Ant-Man,Sharon Carter,0,7.5,12,13
Ant-Man,Sif,0,11.5,12,13
Ant-Man,Skurge,0,6.75,12,13
Ant-Man,Steve Rogers,0.5,205.25,12,13
Ant-Man,T'Challa,0,11.5,12,13
Ant-Man,Taserface,0,4.25,12,13
Ant-Man,The Collector,0,3.75,12,13
Ant-Man,Thor,0,167.25,12,13
Ant-Man,Tinkerer,0,3.75,12,13
Ant-Man,Tony Stark,0,306,12,13
Ant-Man,Trevor Slattery,0,7.5,12,13
Ant-Man,Ultron,0,16.75,12,13
Ant-Man,Valkyrie,0,15.5,12,13
Ant-Man,Vision,0,13.5,12,13
Ant-Man,Volstagg,0,10.25,12,13
Ant-Man,Wanda Maximoff,0,23,12,13
Ant-Man,Wong,0,7,12,13
Ant-Man,Yondu Udonta,0,22.25,12,13
Ant-Man,Zemo,0,10.5,12,13
Avengers: Age Of Ultron,Adrian Toomes,0,19,11,12
Avengers: Age Of Ultron,Agent Phil Coulson,0,18.75,11,12
Avengers: Age Of Ultron,Aldrich Killian,0,12,11,12
Avengers: Age Of Ultron,Alexander Pierce,0,12.75,11,12
Avengers: Age Of Ultron,Algrim,0,6.25,11,12
Avengers: Age Of Ultron,Ancient One,0,17.25,11,12
Avengers: Age Of Ultron,Arnim Zola,0,10.5,11,12
Avengers: Age Of Ultron,Ayesha,0,3.5,11,12
Avengers: Age Of Ultron,Baron Mordo,0,17.75,11,12
Avengers: Age Of Ultron,Betty Ross,0,27,11,12
Avengers: Age Of Ultron,Bruce Banner,20,112.75,11,12
Avengers: Age Of Ultron,Bucky Barnes,0,43.5,11,12
Avengers: Age Of Ultron,Cassandra Lang,0,4.5,11,12
Avengers: Age Of Ultron,Chester Phillips,0,9.25,11,12
Avengers: Age Of Ultron,Christine Everhart,0,5.25,11,12
Avengers: Age Of Ultron,Christine Palmer,0,12.75,11,12
Avengers: Age Of Ultron,Clint Barton,15,32.5,11,12
Avengers: Age Of Ultron,Col. James Rhodes,2.5,46.5,11,12
Avengers: Age Of Ultron,Crossbones,0,8.5,11,12
Avengers: Age Of Ultron,Darcy Lewis,0,17.25,11,12
Avengers: Age Of Ultron,Darren Cross,0,14.5,11,12
Avengers: Age Of Ultron,Dr. Abraham Erskine,0,8.5,11,12
Avengers: Age Of Ultron,Dr. Helen Cho,3.25,3.25,11,12
Avengers: Age Of Ultron,Dr. Stephen Strange,0,76.25,11,12
Avengers: Age Of Ultron,Drax the Destroyer,0,34.5,11,12
Avengers: Age Of Ultron,Ego the Living Planet,0,17.5,11,12
Avengers: Age Of Ultron,Emil Blonsky,0,18.5,11,12
Avengers: Age Of Ultron,Erik Selvig,0.75,24,11,12
Avengers: Age Of Ultron,Fandral,0,9.5,11,12
Avengers: Age Of Ultron,Frigga,0,6,11,12
Avengers: Age Of Ultron,Gamora,0,55,11,12
Avengers: Age Of Ultron,Gen. Thaddeus Ross,0,17.75,11,12
Avengers: Age Of Ultron,Grandmaster,0,6,11,12
Avengers: Age Of Ultron,Groot,0,29.5,11,12
Avengers: Age Of Ultron,Hank Pym,0,24.75,11,12
Avengers: Age Of Ultron,Happy Hogan,0,17.75,11,12
Avengers: Age Of Ultron,Harley Keener,0,6.25,11,12
Avengers: Age Of Ultron,Heimdall,0.5,13.5,11,12
Avengers: Age Of Ultron,Hela,0,12.25,11,12
Avengers: Age Of Ultron,Ho Yinsen,0,11,11,12
Avengers: Age Of Ultron,Hogun,0,8.25,11,12
Avengers: Age Of Ultron,Hope van Dyne,0,15.75,11,12
Avengers: Age Of Ultron,Howard Stark,0,8.75,11,12
Avengers: Age Of Ultron,Ivan Vanko,0,20.75,11,12
Avengers: Age Of Ultron,Jane Foster,0,46,11,12
Avengers: Age Of Ultron,Jasper Sitwell,0,5.5,11,12
Avengers: Age Of Ultron,Johann Schmidt,0,15.5,11,12
Avengers: Age Of Ultron,Justin Hammer,0,16.5,11,12
Avengers: Age Of Ultron,Kaecilius,0,12.75,11,12
Avengers: Age Of Ultron,King Laufey,0,3.5,11,12
Avengers: Age Of Ultron,Korg,0,3.75,11,12
Avengers: Age Of Ultron,Kraglin,0,6.5,11,12
Avengers: Age Of Ultron,Laura Barton,3.75,3.75,11,12
Avengers: Age Of Ultron,Liz Allan,0,9.75,11,12
Avengers: Age Of Ultron,Loki,0,75.25,11,12
Avengers: Age Of Ultron,Luis,0,7,11,12
Avengers: Age Of Ultron,Malekith the Accursed,0,8.75,11,12
Avengers: Age Of Ultron,Mantis,0,11,11,12
Avengers: Age Of Ultron,Maria Hill,3,11.75,11,12
Avengers: Age Of Ultron,May Parker,0,5,11,12
Avengers: Age Of Ultron,Maya Hansen,0,8.75,11,12
Avengers: Age Of Ultron,Natasha Romanoff,18,89,11,12
Avengers: Age Of Ultron,Nebula,0,15,11,12
Avengers: Age Of Ultron,Ned Leeds,0,13.75,11,12
Avengers: Age Of Ultron,Nick Fury,3,43.75,11,12
Avengers: Age Of Ultron,Obadiah Stane,0,22,11,12
Avengers: Age Of Ultron,Odin,0,23.75,11,12
Avengers: Age Of Ultron,Paxton,0,4.5,11,12
Avengers: Age Of Ultron,Peggy Carter,0.25,20.5,11,12
Avengers: Age Of Ultron,Pepper Potts,0,64,11,12
Avengers: Age Of Ultron,Peter Parker,0,84.75,11,12
Avengers: Age Of Ultron,Peter Quill,0,82.5,11,12
Avengers: Age Of Ultron,Pietro Maximoff,10,10.25,11,12
Avengers: Age Of Ultron,Raza,0,6,11,12
Avengers: Age Of Ultron,Rocket Raccoon,0,39.25,11,12
Avengers: Age Of Ultron,Ronan the Accuser,0,7.75,11,12
Avengers: Age Of Ultron,Sam Wilson,0.75,28,11,12
Avengers: Age Of Ultron,Samuel Sterns,0,7.5,11,12
Avengers: Age Of Ultron,Savin,0,6,11,12
Avengers: Age Of Ultron,Scott Lang,0,56,11,12
Avengers: Age Of Ultron,Sharon Carter,0,7.5,11,12
Avengers: Age Of Ultron,Sif,0,11.5,11,12
Avengers: Age Of Ultron,Skurge,0,6.75,11,12
Avengers: Age Of Ultron,Steve Rogers,21.75,205.25,11,12
Avengers: Age Of Ultron,T'Challa,0,11.5,11,12
Avengers: Age Of Ultron,Taserface,0,4.25,11,12
Avengers: Age Of Ultron,The Collector,0,3.75,11,12
Avengers: Age Of Ultron,Thor,13.25,167.25,11,12
Avengers: Age Of Ultron,Tinkerer,0,3.75,11,12
Avengers: Age Of Ultron,Tony Stark,27.25,306,11,12
Avengers: Age Of Ultron,Trevor Slattery,0,7.5,11,12
Avengers: Age Of Ultron,Ultron,16.75,16.75,11,12
Avengers: Age Of Ultron,Valkyrie,0,15.5,11,12
Avengers: Age Of Ultron,Vision,6.25,13.5,11,12
Avengers: Age Of Ultron,Volstagg,0,10.25,11,12
Avengers: Age Of Ultron,Wanda Maximoff,12,23,11,12
Avengers: Age Of Ultron,Wong,0,7,11,12
Avengers: Age Of Ultron,Yondu Udonta,0,22.25,11,12
Avengers: Age Of Ultron,Zemo,0,10.5,11,12
Captain America: Civil War,Adrian Toomes,0,19,13,15
Captain America: Civil War,Agent Phil Coulson,0,18.75,13,15
Captain America: Civil War,Aldrich Killian,0,12,13,15
Captain America: Civil War,Alexander Pierce,0,12.75,13,15
Captain America: Civil War,Algrim,0,6.25,13,15
Captain America: Civil War,Ancient One,0,17.25,13,15
Captain America: Civil War,Arnim Zola,0,10.5,13,15
Captain America: Civil War,Ayesha,0,3.5,13,15
Captain America: Civil War,Baron Mordo,0,17.75,13,15
Captain America: Civil War,Betty Ross,0,27,13,15
Captain America: Civil War,Bruce Banner,0,112.75,13,15
Captain America: Civil War,Bucky Barnes,22,43.5,13,15
Captain America: Civil War,Cassandra Lang,0,4.5,13,15
Captain America: Civil War,Chester Phillips,0,9.25,13,15
Captain America: Civil War,Christine Everhart,0,5.25,13,15
Captain America: Civil War,Christine Palmer,0,12.75,13,15
Captain America: Civil War,Clint Barton,4.25,32.5,13,15
Captain America: Civil War,Col. James Rhodes,7.25,46.5,13,15
Captain America: Civil War,Crossbones,2.25,8.5,13,15
Captain America: Civil War,Darcy Lewis,0,17.25,13,15
Captain America: Civil War,Darren Cross,0,14.5,13,15
Captain America: Civil War,Dr. Abraham Erskine,0,8.5,13,15
Captain America: Civil War,Dr. Helen Cho,0,3.25,13,15
Captain America: Civil War,Dr. Stephen Strange,0,76.25,13,15
Captain America: Civil War,Drax the Destroyer,0,34.5,13,15
Captain America: Civil War,Ego the Living Planet,0,17.5,13,15
Captain America: Civil War,Emil Blonsky,0,18.5,13,15
Captain America: Civil War,Erik Selvig,0,24,13,15
Captain America: Civil War,Fandral,0,9.5,13,15
Captain America: Civil War,Frigga,0,6,13,15
Captain America: Civil War,Gamora,0,55,13,15
Captain America: Civil War,Gen. Thaddeus Ross,2.75,17.75,13,15
Captain America: Civil War,Grandmaster,0,6,13,15
Captain America: Civil War,Groot,0,29.5,13,15
Captain America: Civil War,Hank Pym,0,24.75,13,15
Captain America: Civil War,Happy Hogan,0,17.75,13,15
Captain America: Civil War,Harley Keener,0,6.25,13,15
Captain America: Civil War,Heimdall,0,13.5,13,15
Captain America: Civil War,Hela,0,12.25,13,15
Captain America: Civil War,Ho Yinsen,0,11,13,15
Captain America: Civil War,Hogun,0,8.25,13,15
Captain America: Civil War,Hope van Dyne,0,15.75,13,15
Captain America: Civil War,Howard Stark,1.75,8.75,13,15
Captain America: Civil War,Ivan Vanko,0,20.75,13,15
Captain America: Civil War,Jane Foster,0,46,13,15
Captain America: Civil War,Jasper Sitwell,0,5.5,13,15
Captain America: Civil War,Johann Schmidt,0,15.5,13,15
Captain America: Civil War,Justin Hammer,0,16.5,13,15
Captain America: Civil War,Kaecilius,0,12.75,13,15
Captain America: Civil War,King Laufey,0,3.5,13,15
Captain America: Civil War,Korg,0,3.75,13,15
Captain America: Civil War,Kraglin,0,6.5,13,15
Captain America: Civil War,Laura Barton,0,3.75,13,15
Captain America: Civil War,Liz Allan,0,9.75,13,15
Captain America: Civil War,Loki,0,75.25,13,15
Captain America: Civil War,Luis,0,7,13,15
Captain America: Civil War,Malekith the Accursed,0,8.75,13,15
Captain America: Civil War,Mantis,0,11,13,15
Captain America: Civil War,Maria Hill,0,11.75,13,15
Captain America: Civil War,May Parker,1,5,13,15
Captain America: Civil War,Maya Hansen,0,8.75,13,15
Captain America: Civil War,Natasha Romanoff,12,89,13,15
Captain America: Civil War,Nebula,0,15,13,15
Captain America: Civil War,Ned Leeds,0,13.75,13,15
Captain America: Civil War,Nick Fury,0,43.75,13,15
Captain America: Civil War,Obadiah Stane,0,22,13,15
Captain America: Civil War,Odin,0,23.75,13,15
Captain America: Civil War,Paxton,0,4.5,13,15
Captain America: Civil War,Peggy Carter,0,20.5,13,15
Captain America: Civil War,Pepper Potts,0,64,13,15
Captain America: Civil War,Peter Parker,8.5,84.75,13,15
Captain America: Civil War,Peter Quill,0,82.5,13,15
Captain America: Civil War,Pietro Maximoff,0,10.25,13,15
Captain America: Civil War,Raza,0,6,13,15
Captain America: Civil War,Rocket Raccoon,0,39.25,13,15
Captain America: Civil War,Ronan the Accuser,0,7.75,13,15
Captain America: Civil War,Sam Wilson,10.25,28,13,15
Captain America: Civil War,Samuel Sterns,0,7.5,13,15
Captain America: Civil War,Savin,0,6,13,15
Captain America: Civil War,Scott Lang,5.5,56,13,15
Captain America: Civil War,Sharon Carter,5,7.5,13,15
Captain America: Civil War,Sif,0,11.5,13,15
Captain America: Civil War,Skurge,0,6.75,13,15
Captain America: Civil War,Steve Rogers,38.25,205.25,13,15
Captain America: Civil War,T'Challa,11.5,11.5,13,15
Captain America: Civil War,Taserface,0,4.25,13,15
Captain America: Civil War,The Collector,0,3.75,13,15
Captain America: Civil War,Thor,0,167.25,13,15
Captain America: Civil War,Tinkerer,0,3.75,13,15
Captain America: Civil War,Tony Stark,37.25,306,13,15
Captain America: Civil War,Trevor Slattery,0,7.5,13,15
Captain America: Civil War,Ultron,0,16.75,13,15
Captain America: Civil War,Valkyrie,0,15.5,13,15
Captain America: Civil War,Vision,7.25,13.5,13,15
Captain America: Civil War,Volstagg,0,10.25,13,15
Captain America: Civil War,Wanda Maximoff,10.75,23,13,15
Captain America: Civil War,Wong,0,7,13,15
Captain America: Civil War,Yondu Udonta,0,22.25,13,15
Captain America: Civil War,Zemo,10.5,10.5,13,15
Captain America: The First Avenger,Adrian Toomes,0,19,5,5
Captain America: The First Avenger,Agent Phil Coulson,0,18.75,5,5
Captain America: The First Avenger,Aldrich Killian,0,12,5,5
Captain America: The First Avenger,Alexander Pierce,0,12.75,5,5
Captain America: The First Avenger,Algrim,0,6.25,5,5
Captain America: The First Avenger,Ancient One,0,17.25,5,5
Captain America: The First Avenger,Arnim Zola,8.25,10.5,5,5
Captain America: The First Avenger,Ayesha,0,3.5,5,5
Captain America: The First Avenger,Baron Mordo,0,17.75,5,5
Captain America: The First Avenger,Betty Ross,0,27,5,5
Captain America: The First Avenger,Bruce Banner,0,112.75,5,5
Captain America: The First Avenger,Bucky Barnes,8,43.5,5,5
Captain America: The First Avenger,Cassandra Lang,0,4.5,5,5
Captain America: The First Avenger,Chester Phillips,9.25,9.25,5,5
Captain America: The First Avenger,Christine Everhart,0,5.25,5,5
Captain America: The First Avenger,Christine Palmer,0,12.75,5,5
Captain America: The First Avenger,Clint Barton,0,32.5,5,5
Captain America: The First Avenger,Col. James Rhodes,0,46.5,5,5
Captain America: The First Avenger,Crossbones,0,8.5,5,5
Captain America: The First Avenger,Darcy Lewis,0,17.25,5,5
Captain America: The First Avenger,Darren Cross,0,14.5,5,5
Captain America: The First Avenger,Dr. Abraham Erskine,8.5,8.5,5,5
Captain America: The First Avenger,Dr. Helen Cho,0,3.25,5,5
Captain America: The First Avenger,Dr. Stephen Strange,0,76.25,5,5
Captain America: The First Avenger,Drax the Destroyer,0,34.5,5,5
Captain America: The First Avenger,Ego the Living Planet,0,17.5,5,5
Captain America: The First Avenger,Emil Blonsky,0,18.5,5,5
Captain America: The First Avenger,Erik Selvig,0,24,5,5
Captain America: The First Avenger,Fandral,0,9.5,5,5
Captain America: The First Avenger,Frigga,0,6,5,5
Captain America: The First Avenger,Gamora,0,55,5,5
Captain America: The First Avenger,Gen. Thaddeus Ross,0,17.75,5,5
Captain America: The First Avenger,Grandmaster,0,6,5,5
Captain America: The First Avenger,Groot,0,29.5,5,5
Captain America: The First Avenger,Hank Pym,0,24.75,5,5
Captain America: The First Avenger,Happy Hogan,0,17.75,5,5
Captain America: The First Avenger,Harley Keener,0,6.25,5,5
Captain America: The First Avenger,Heimdall,0,13.5,5,5
Captain America: The First Avenger,Hela,0,12.25,5,5
Captain America: The First Avenger,Ho Yinsen,0,11,5,5
Captain America: The First Avenger,Hogun,0,8.25,5,5
Captain America: The First Avenger,Hope van Dyne,0,15.75,5,5
Captain America: The First Avenger,Howard Stark,4,8.75,5,5
Captain America: The First Avenger,Ivan Vanko,0,20.75,5,5
Captain America: The First Avenger,Jane Foster,0,46,5,5
Captain America: The First Avenger,Jasper Sitwell,0,5.5,5,5
Captain America: The First Avenger,Johann Schmidt,15.5,15.5,5,5
Captain America: The First Avenger,Justin Hammer,0,16.5,5,5
Captain America: The First Avenger,Kaecilius,0,12.75,5,5
Captain America: The First Avenger,King Laufey,0,3.5,5,5
Captain America: The First Avenger,Korg,0,3.75,5,5
Captain America: The First Avenger,Kraglin,0,6.5,5,5
Captain America: The First Avenger,Laura Barton,0,3.75,5,5
Captain America: The First Avenger,Liz Allan,0,9.75,5,5
Captain America: The First Avenger,Loki,0,75.25,5,5
Captain America: The First Avenger,Luis,0,7,5,5
Captain America: The First Avenger,Malekith the Accursed,0,8.75,5,5
Captain America: The First Avenger,Mantis,0,11,5,5
Captain America: The First Avenger,Maria Hill,0,11.75,5,5
Captain America: The First Avenger,May Parker,0,5,5,5
Captain America: The First Avenger,Maya Hansen,0,8.75,5,5
Captain America: The First Avenger,Natasha Romanoff,0,89,5,5
Captain America: The First Avenger,Nebula,0,15,5,5
Captain America: The First Avenger,Ned Leeds,0,13.75,5,5
Captain America: The First Avenger,Nick Fury,0.5,43.75,5,5
Captain America: The First Avenger,Obadiah Stane,0,22,5,5
Captain America: The First Avenger,Odin,0,23.75,5,5
Captain America: The First Avenger,Paxton,0,4.5,5,5
Captain America: The First Avenger,Peggy Carter,17.25,20.5,5,5
Captain America: The First Avenger,Pepper Potts,0,64,5,5
Captain America: The First Avenger,Peter Parker,0,84.75,5,5
Captain America: The First Avenger,Peter Quill,0,82.5,5,5
Captain America: The First Avenger,Pietro Maximoff,0,10.25,5,5
Captain America: The First Avenger,Raza,0,6,5,5
Captain America: The First Avenger,Rocket Raccoon,0,39.25,5,5
Captain America: The First Avenger,Ronan the Accuser,0,7.75,5,5
Captain America: The First Avenger,Sam Wilson,0,28,5,5
Captain America: The First Avenger,Samuel Sterns,0,7.5,5,5
Captain America: The First Avenger,Savin,0,6,5,5
Captain America: The First Avenger,Scott Lang,0,56,5,5
Captain America: The First Avenger,Sharon Carter,0,7.5,5,5
Captain America: The First Avenger,Sif,0,11.5,5,5
Captain America: The First Avenger,Skurge,0,6.75,5,5
Captain America: The First Avenger,Steve Rogers,56.5,205.25,5,5
Captain America: The First Avenger,T'Challa,0,11.5,5,5
Captain America: The First Avenger,Taserface,0,4.25,5,5
Captain America: The First Avenger,The Collector,0,3.75,5,5
Captain America: The First Avenger,Thor,0,167.25,5,5
Captain America: The First Avenger,Tinkerer,0,3.75,5,5
Captain America: The First Avenger,Tony Stark,0,306,5,5
Captain America: The First Avenger,Trevor Slattery,0,7.5,5,5
Captain America: The First Avenger,Ultron,0,16.75,5,5
Captain America: The First Avenger,Valkyrie,0,15.5,5,5
Captain America: The First Avenger,Vision,0,13.5,5,5
Captain America: The First Avenger,Volstagg,0,10.25,5,5
Captain America: The First Avenger,Wanda Maximoff,0,23,5,5
Captain America: The First Avenger,Wong,0,7,5,5
Captain America: The First Avenger,Yondu Udonta,0,22.25,5,5
Captain America: The First Avenger,Zemo,0,10.5,5,5
Captain America: The Winter Soldier,Adrian Toomes,0,19,9,11
Captain America: The Winter Soldier,Agent Phil Coulson,0,18.75,9,11
Captain America: The Winter Soldier,Aldrich Killian,0,12,9,11
Captain America: The Winter Soldier,Alexander Pierce,12.75,12.75,9,11
Captain America: The Winter Soldier,Algrim,0,6.25,9,11
Captain America: The Winter Soldier,Ancient One,0,17.25,9,11
Captain America: The Winter Soldier,Arnim Zola,2.25,10.5,9,11
Captain America: The Winter Soldier,Ayesha,0,3.5,9,11
Captain America: The Winter Soldier,Baron Mordo,0,17.75,9,11
Captain America: The Winter Soldier,Betty Ross,0,27,9,11
Captain America: The Winter Soldier,Bruce Banner,0,112.75,9,11
Captain America: The Winter Soldier,Bucky Barnes,13.25,43.5,9,11
Captain America: The Winter Soldier,Cassandra Lang,0,4.5,9,11
Captain America: The Winter Soldier,Chester Phillips,0,9.25,9,11
Captain America: The Winter Soldier,Christine Everhart,0,5.25,9,11
Captain America: The Winter Soldier,Christine Palmer,0,12.75,9,11
Captain America: The Winter Soldier,Clint Barton,0,32.5,9,11
Captain America: The Winter Soldier,Col. James Rhodes,0,46.5,9,11
Captain America: The Winter Soldier,Crossbones,6.25,8.5,9,11
Captain America: The Winter Soldier,Darcy Lewis,0,17.25,9,11
Captain America: The Winter Soldier,Darren Cross,0,14.5,9,11
Captain America: The Winter Soldier,Dr. Abraham Erskine,0,8.5,9,11
Captain America: The Winter Soldier,Dr. Helen Cho,0,3.25,9,11
Captain America: The Winter Soldier,Dr. Stephen Strange,0,76.25,9,11
Captain America: The Winter Soldier,Drax the Destroyer,0,34.5,9,11
Captain America: The Winter Soldier,Ego the Living Planet,0,17.5,9,11
Captain America: The Winter Soldier,Emil Blonsky,0,18.5,9,11
Captain America: The Winter Soldier,Erik Selvig,0,24,9,11
Captain America: The Winter Soldier,Fandral,0,9.5,9,11
Captain America: The Winter Soldier,Frigga,0,6,9,11
Captain America: The Winter Soldier,Gamora,0,55,9,11
Captain America: The Winter Soldier,Gen. Thaddeus Ross,0,17.75,9,11
Captain America: The Winter Soldier,Grandmaster,0,6,9,11
Captain America: The Winter Soldier,Groot,0,29.5,9,11
Captain America: The Winter Soldier,Hank Pym,0,24.75,9,11
Captain America: The Winter Soldier,Happy Hogan,0,17.75,9,11
Captain America: The Winter Soldier,Harley Keener,0,6.25,9,11
Captain America: The Winter Soldier,Heimdall,0,13.5,9,11
Captain America: The Winter Soldier,Hela,0,12.25,9,11
Captain America: The Winter Soldier,Ho Yinsen,0,11,9,11
Captain America: The Winter Soldier,Hogun,0,8.25,9,11
Captain America: The Winter Soldier,Hope van Dyne,0,15.75,9,11
Captain America: The Winter Soldier,Howard Stark,0,8.75,9,11
Captain America: The Winter Soldier,Ivan Vanko,0,20.75,9,11
Captain America: The Winter Soldier,Jane Foster,0,46,9,11
Captain America: The Winter Soldier,Jasper Sitwell,4,5.5,9,11
Captain America: The Winter Soldier,Johann Schmidt,0,15.5,9,11
Captain America: The Winter Soldier,Justin Hammer,0,16.5,9,11
Captain America: The Winter Soldier,Kaecilius,0,12.75,9,11
Captain America: The Winter Soldier,King Laufey,0,3.5,9,11
Captain America: The Winter Soldier,Korg,0,3.75,9,11
Captain America: The Winter Soldier,Kraglin,0,6.5,9,11
Captain America: The Winter Soldier,Laura Barton,0,3.75,9,11
Captain America: The Winter Soldier,Liz Allan,0,9.75,9,11
Captain America: The Winter Soldier,Loki,0,75.25,9,11
Captain America: The Winter Soldier,Luis,0,7,9,11
Captain America: The Winter Soldier,Malekith the Accursed,0,8.75,9,11
Captain America: The Winter Soldier,Mantis,0,11,9,11
Captain America: The Winter Soldier,Maria Hill,3.25,11.75,9,11
Captain America: The Winter Soldier,May Parker,0,5,9,11
Captain America: The Winter Soldier,Maya Hansen,0,8.75,9,11
Captain America: The Winter Soldier,Natasha Romanoff,24.75,89,9,11
Captain America: The Winter Soldier,Nebula,0,15,9,11
Captain America: The Winter Soldier,Ned Leeds,0,13.75,9,11
Captain America: The Winter Soldier,Nick Fury,15.5,43.75,9,11
Captain America: The Winter Soldier,Obadiah Stane,0,22,9,11
Captain America: The Winter Soldier,Odin,0,23.75,9,11
Captain America: The Winter Soldier,Paxton,0,4.5,9,11
Captain America: The Winter Soldier,Peggy Carter,2.25,20.5,9,11
Captain America: The Winter Soldier,Pepper Potts,0,64,9,11
Captain America: The Winter Soldier,Peter Parker,0,84.75,9,11
Captain America: The Winter Soldier,Peter Quill,0,82.5,9,11
Captain America: The Winter Soldier,Pietro Maximoff,0.25,10.25,9,11
Captain America: The Winter Soldier,Raza,0,6,9,11
Captain America: The Winter Soldier,Rocket Raccoon,0,39.25,9,11
Captain America: The Winter Soldier,Ronan the Accuser,0,7.75,9,11
Captain America: The Winter Soldier,Sam Wilson,14.25,28,9,11
Captain America: The Winter Soldier,Samuel Sterns,0,7.5,9,11
Captain America: The Winter Soldier,Savin,0,6,9,11
Captain America: The Winter Soldier,Scott Lang,0,56,9,11
Captain America: The Winter Soldier,Sharon Carter,2.5,7.5,9,11
Captain America: The Winter Soldier,Sif,0,11.5,9,11
Captain America: The Winter Soldier,Skurge,0,6.75,9,11
Captain America: The Winter Soldier,Steve Rogers,59,205.25,9,11
Captain America: The Winter Soldier,T'Challa,0,11.5,9,11
Captain America: The Winter Soldier,Taserface,0,4.25,9,11
Captain America: The Winter Soldier,The Collector,0,3.75,9,11
Captain America: The Winter Soldier,Thor,0,167.25,9,11
Captain America: The Winter Soldier,Tinkerer,0,3.75,9,11
Captain America: The Winter Soldier,Tony Stark,0,306,9,11
Captain America: The Winter Soldier,Trevor Slattery,0,7.5,9,11
Captain America: The Winter Soldier,Ultron,0,16.75,9,11
Captain America: The Winter Soldier,Valkyrie,0,15.5,9,11
Captain America: The Winter Soldier,Vision,0,13.5,9,11
Captain America: The Winter Soldier,Volstagg,0,10.25,9,11
Captain America: The Winter Soldier,Wanda Maximoff,0.25,23,9,11
Captain America: The Winter Soldier,Wong,0,7,9,11
Captain America: The Winter Soldier,Yondu Udonta,0,22.25,9,11
Captain America: The Winter Soldier,Zemo,0,10.5,9,11
Doctor Strange,Adrian Toomes,0,19,14,14
Doctor Strange,Agent Phil Coulson,0,18.75,14,14
Doctor Strange,Aldrich Killian,0,12,14,14
Doctor Strange,Alexander Pierce,0,12.75,14,14
Doctor Strange,Algrim,0,6.25,14,14
Doctor Strange,Ancient One,17.25,17.25,14,14
Doctor Strange,Arnim Zola,0,10.5,14,14
Doctor Strange,Ayesha,0,3.5,14,14
Doctor Strange,Baron Mordo,17.75,17.75,14,14
Doctor Strange,Betty Ross,0,27,14,14
Doctor Strange,Bruce Banner,0,112.75,14,14
Doctor Strange,Bucky Barnes,0,43.5,14,14
Doctor Strange,Cassandra Lang,0,4.5,14,14
Doctor Strange,Chester Phillips,0,9.25,14,14
Doctor Strange,Christine Everhart,0,5.25,14,14
Doctor Strange,Christine Palmer,12.75,12.75,14,14
Doctor Strange,Clint Barton,0,32.5,14,14
Doctor Strange,Col. James Rhodes,0,46.5,14,14
Doctor Strange,Crossbones,0,8.5,14,14
Doctor Strange,Darcy Lewis,0,17.25,14,14
Doctor Strange,Darren Cross,0,14.5,14,14
Doctor Strange,Dr. Abraham Erskine,0,8.5,14,14
Doctor Strange,Dr. Helen Cho,0,3.25,14,14
Doctor Strange,Dr. Stephen Strange,73.5,76.25,14,14
Doctor Strange,Drax the Destroyer,0,34.5,14,14
Doctor Strange,Ego the Living Planet,0,17.5,14,14
Doctor Strange,Emil Blonsky,0,18.5,14,14
Doctor Strange,Erik Selvig,0,24,14,14
Doctor Strange,Fandral,0,9.5,14,14
Doctor Strange,Frigga,0,6,14,14
Doctor Strange,Gamora,0,55,14,14
Doctor Strange,Gen. Thaddeus Ross,0,17.75,14,14
Doctor Strange,Grandmaster,0,6,14,14
Doctor Strange,Groot,0,29.5,14,14
Doctor Strange,Hank Pym,0,24.75,14,14
Doctor Strange,Happy Hogan,0,17.75,14,14
Doctor Strange,Harley Keener,0,6.25,14,14
Doctor Strange,Heimdall,0,13.5,14,14
Doctor Strange,Hela,0,12.25,14,14
Doctor Strange,Ho Yinsen,0,11,14,14
Doctor Strange,Hogun,0,8.25,14,14
Doctor Strange,Hope van Dyne,0,15.75,14,14
Doctor Strange,Howard Stark,0,8.75,14,14
Doctor Strange,Ivan Vanko,0,20.75,14,14
Doctor Strange,Jane Foster,0,46,14,14
Doctor Strange,Jasper Sitwell,0,5.5,14,14
Doctor Strange,Johann Schmidt,0,15.5,14,14
Doctor Strange,Justin Hammer,0,16.5,14,14
Doctor Strange,Kaecilius,12.75,12.75,14,14
Doctor Strange,King Laufey,0,3.5,14,14
Doctor Strange,Korg,0,3.75,14,14
Doctor Strange,Kraglin,0,6.5,14,14
Doctor Strange,Laura Barton,0,3.75,14,14
Doctor Strange,Liz Allan,0,9.75,14,14
Doctor Strange,Loki,0,75.25,14,14
Doctor Strange,Luis,0,7,14,14
Doctor Strange,Malekith the Accursed,0,8.75,14,14
Doctor Strange,Mantis,0,11,14,14
Doctor Strange,Maria Hill,0,11.75,14,14
Doctor Strange,May Parker,0,5,14,14
Doctor Strange,Maya Hansen,0,8.75,14,14
Doctor Strange,Natasha Romanoff,0,89,14,14
Doctor Strange,Nebula,0,15,14,14
Doctor Strange,Ned Leeds,0,13.75,14,14
Doctor Strange,Nick Fury,0,43.75,14,14
Doctor Strange,Obadiah Stane,0,22,14,14
Doctor Strange,Odin,0,23.75,14,14
Doctor Strange,Paxton,0,4.5,14,14
Doctor Strange,Peggy Carter,0,20.5,14,14
Doctor Strange,Pepper Potts,0,64,14,14
Doctor Strange,Peter Parker,0,84.75,14,14
Doctor Strange,Peter Quill,0,82.5,14,14
Doctor Strange,Pietro Maximoff,0,10.25,14,14
Doctor Strange,Raza,0,6,14,14
Doctor Strange,Rocket Raccoon,0,39.25,14,14
Doctor Strange,Ronan the Accuser,0,7.75,14,14
Doctor Strange,Sam Wilson,0,28,14,14
Doctor Strange,Samuel Sterns,0,7.5,14,14
Doctor Strange,Savin,0,6,14,14
Doctor Strange,Scott Lang,0,56,14,14
Doctor Strange,Sharon Carter,0,7.5,14,14
Doctor Strange,Sif,0,11.5,14,14
Doctor Strange,Skurge,0,6.75,14,14
Doctor Strange,Steve Rogers,0,205.25,14,14
Doctor Strange,T'Challa,0,11.5,14,14
Doctor Strange,Taserface,0,4.25,14,14
Doctor Strange,The Collector,0,3.75,14,14
Doctor Strange,Thor,0.75,167.25,14,14
Doctor Strange,Tinkerer,0,3.75,14,14
Doctor Strange,Tony Stark,0,306,14,14
Doctor Strange,Trevor Slattery,0,7.5,14,14
Doctor Strange,Ultron,0,16.75,14,14
Doctor Strange,Valkyrie,0,15.5,14,14
Doctor Strange,Vision,0,13.5,14,14
Doctor Strange,Volstagg,0,10.25,14,14
Doctor Strange,Wanda Maximoff,0,23,14,14
Doctor Strange,Wong,7,7,14,14
Doctor Strange,Yondu Udonta,0,22.25,14,14
Doctor Strange,Zemo,0,10.5,14,14
Guardians Of The Galaxy,Adrian Toomes,0,19,10,9
Guardians Of The Galaxy,Agent Phil Coulson,0,18.75,10,9
Guardians Of The Galaxy,Aldrich Killian,0,12,10,9
Guardians Of The Galaxy,Alexander Pierce,0,12.75,10,9
Guardians Of The Galaxy,Algrim,0,6.25,10,9
Guardians Of The Galaxy,Ancient One,0,17.25,10,9
Guardians Of The Galaxy,Arnim Zola,0,10.5,10,9
Guardians Of The Galaxy,Ayesha,3.5,3.5,10,9
Guardians Of The Galaxy,Baron Mordo,0,17.75,10,9
Guardians Of The Galaxy,Betty Ross,0,27,10,9
Guardians Of The Galaxy,Bruce Banner,0,112.75,10,9
Guardians Of The Galaxy,Bucky Barnes,0,43.5,10,9
Guardians Of The Galaxy,Cassandra Lang,0,4.5,10,9
Guardians Of The Galaxy,Chester Phillips,0,9.25,10,9
Guardians Of The Galaxy,Christine Everhart,0,5.25,10,9
Guardians Of The Galaxy,Christine Palmer,0,12.75,10,9
Guardians Of The Galaxy,Clint Barton,0,32.5,10,9
Guardians Of The Galaxy,Col. James Rhodes,0,46.5,10,9
Guardians Of The Galaxy,Crossbones,0,8.5,10,9
Guardians Of The Galaxy,Darcy Lewis,0,17.25,10,9
Guardians Of The Galaxy,Darren Cross,0,14.5,10,9
Guardians Of The Galaxy,Dr. Abraham Erskine,0,8.5,10,9
Guardians Of The Galaxy,Dr. Helen Cho,0,3.25,10,9
Guardians Of The Galaxy,Dr. Stephen Strange,0,76.25,10,9
Guardians Of The Galaxy,Drax the Destroyer,18,34.5,10,9
Guardians Of The Galaxy,Ego the Living Planet,0,17.5,10,9
Guardians Of The Galaxy,Emil Blonsky,0,18.5,10,9
Guardians Of The Galaxy,Erik Selvig,0,24,10,9
Guardians Of The Galaxy,Fandral,0,9.5,10,9
Guardians Of The Galaxy,Frigga,0,6,10,9
Guardians Of The Galaxy,Gamora,31,55,10,9
Guardians Of The Galaxy,Gen. Thaddeus Ross,0,17.75,10,9
Guardians Of The Galaxy,Grandmaster,0,6,10,9
Guardians Of The Galaxy,Groot,15.5,29.5,10,9
Guardians Of The Galaxy,Hank Pym,0,24.75,10,9
Guardians Of The Galaxy,Happy Hogan,0,17.75,10,9
Guardians Of The Galaxy,Harley Keener,0,6.25,10,9
Guardians Of The Galaxy,Heimdall,0,13.5,10,9
Guardians Of The Galaxy,Hela,0,12.25,10,9
Guardians Of The Galaxy,Ho Yinsen,0,11,10,9
Guardians Of The Galaxy,Hogun,0,8.25,10,9
Guardians Of The Galaxy,Hope van Dyne,0,15.75,10,9
Guardians Of The Galaxy,Howard Stark,0,8.75,10,9
Guardians Of The Galaxy,Ivan Vanko,0,20.75,10,9
Guardians Of The Galaxy,Jane Foster,0,46,10,9
Guardians Of The Galaxy,Jasper Sitwell,0,5.5,10,9
Guardians Of The Galaxy,Johann Schmidt,0,15.5,10,9
Guardians Of The Galaxy,Justin Hammer,0,16.5,10,9
Guardians Of The Galaxy,Kaecilius,0,12.75,10,9
Guardians Of The Galaxy,King Laufey,0,3.5,10,9
Guardians Of The Galaxy,Korg,0,3.75,10,9
Guardians Of The Galaxy,Kraglin,1.75,6.5,10,9
Guardians Of The Galaxy,Laura Barton,0,3.75,10,9
Guardians Of The Galaxy,Liz Allan,0,9.75,10,9
Guardians Of The Galaxy,Loki,0,75.25,10,9
Guardians Of The Galaxy,Luis,0,7,10,9
Guardians Of The Galaxy,Malekith the Accursed,0,8.75,10,9
Guardians Of The Galaxy,Mantis,0,11,10,9
Guardians Of The Galaxy,Maria Hill,0,11.75,10,9
Guardians Of The Galaxy,May Parker,0,5,10,9
Guardians Of The Galaxy,Maya Hansen,0,8.75,10,9
Guardians Of The Galaxy,Natasha Romanoff,0,89,10,9
Guardians Of The Galaxy,Nebula,4.5,15,10,9
Guardians Of The Galaxy,Ned Leeds,0,13.75,10,9
Guardians Of The Galaxy,Nick Fury,0,43.75,10,9
Guardians Of The Galaxy,Obadiah Stane,0,22,10,9
Guardians Of The Galaxy,Odin,0,23.75,10,9
Guardians Of The Galaxy,Paxton,0,4.5,10,9
Guardians Of The Galaxy,Peggy Carter,0,20.5,10,9
Guardians Of The Galaxy,Pepper Potts,0,64,10,9
Guardians Of The Galaxy,Peter Parker,0,84.75,10,9
Guardians Of The Galaxy,Peter Quill,46.75,82.5,10,9
Guardians Of The Galaxy,Pietro Maximoff,0,10.25,10,9
Guardians Of The Galaxy,Raza,0,6,10,9
Guardians Of The Galaxy,Rocket Raccoon,19.5,39.25,10,9
Guardians Of The Galaxy,Ronan the Accuser,7.75,7.75,10,9
Guardians Of The Galaxy,Sam Wilson,0,28,10,9
Guardians Of The Galaxy,Samuel Sterns,0,7.5,10,9
Guardians Of The Galaxy,Savin,0,6,10,9
Guardians Of The Galaxy,Scott Lang,0,56,10,9
Guardians Of The Galaxy,Sharon Carter,0,7.5,10,9
Guardians Of The Galaxy,Sif,0,11.5,10,9
Guardians Of The Galaxy,Skurge,0,6.75,10,9
Guardians Of The Galaxy,Steve Rogers,0,205.25,10,9
Guardians Of The Galaxy,T'Challa,0,11.5,10,9
Guardians Of The Galaxy,Taserface,0,4.25,10,9
Guardians Of The Galaxy,The Collector,2.5,3.75,10,9
Guardians Of The Galaxy,Thor,0,167.25,10,9
Guardians Of The Galaxy,Tinkerer,0,3.75,10,9
Guardians Of The Galaxy,Tony Stark,0,306,10,9
Guardians Of The Galaxy,Trevor Slattery,0,7.5,10,9
Guardians Of The Galaxy,Ultron,0,16.75,10,9
Guardians Of The Galaxy,Valkyrie,0,15.5,10,9
Guardians Of The Galaxy,Vision,0,13.5,10,9
Guardians Of The Galaxy,Volstagg,0,10.25,10,9
Guardians Of The Galaxy,Wanda Maximoff,0,23,10,9
Guardians Of The Galaxy,Wong,0,7,10,9
Guardians Of The Galaxy,Yondu Udonta,6,22.25,10,9
Guardians Of The Galaxy,Zemo,0,10.5,10,9
Guardians Of The Galaxy Vol. 2,Adrian Toomes,0,19,15,10
Guardians Of The Galaxy Vol. 2,Agent Phil Coulson,0,18.75,15,10
Guardians Of The Galaxy Vol. 2,Aldrich Killian,0,12,15,10
Guardians Of The Galaxy Vol. 2,Alexander Pierce,0,12.75,15,10
Guardians Of The Galaxy Vol. 2,Algrim,0,6.25,15,10
Guardians Of The Galaxy Vol. 2,Ancient One,0,17.25,15,10
Guardians Of The Galaxy Vol. 2,Arnim Zola,0,10.5,15,10
Guardians Of The Galaxy Vol. 2,Ayesha,0,3.5,15,10
Guardians Of The Galaxy Vol. 2,Baron Mordo,0,17.75,15,10
Guardians Of The Galaxy Vol. 2,Betty Ross,0,27,15,10
Guardians Of The Galaxy Vol. 2,Bruce Banner,0,112.75,15,10
Guardians Of The Galaxy Vol. 2,Bucky Barnes,0,43.5,15,10
Guardians Of The Galaxy Vol. 2,Cassandra Lang,0,4.5,15,10
Guardians Of The Galaxy Vol. 2,Chester Phillips,0,9.25,15,10
Guardians Of The Galaxy Vol. 2,Christine Everhart,0,5.25,15,10
Guardians Of The Galaxy Vol. 2,Christine Palmer,0,12.75,15,10
Guardians Of The Galaxy Vol. 2,Clint Barton,0,32.5,15,10
Guardians Of The Galaxy Vol. 2,Col. James Rhodes,0,46.5,15,10
Guardians Of The Galaxy Vol. 2,Crossbones,0,8.5,15,10
Guardians Of The Galaxy Vol. 2,Darcy Lewis,0,17.25,15,10
Guardians Of The Galaxy Vol. 2,Darren Cross,0,14.5,15,10
Guardians Of The Galaxy Vol. 2,Dr. Abraham Erskine,0,8.5,15,10
Guardians Of The Galaxy Vol. 2,Dr. Helen Cho,0,3.25,15,10
Guardians Of The Galaxy Vol. 2,Dr. Stephen Strange,0,76.25,15,10
Guardians Of The Galaxy Vol. 2,Drax the Destroyer,16.5,34.5,15,10
Guardians Of The Galaxy Vol. 2,Ego the Living Planet,17.5,17.5,15,10
Guardians Of The Galaxy Vol. 2,Emil Blonsky,0,18.5,15,10
Guardians Of The Galaxy Vol. 2,Erik Selvig,0,24,15,10
Guardians Of The Galaxy Vol. 2,Fandral,0,9.5,15,10
Guardians Of The Galaxy Vol. 2,Frigga,0,6,15,10
Guardians Of The Galaxy Vol. 2,Gamora,24,55,15,10
Guardians Of The Galaxy Vol. 2,Gen. Thaddeus Ross,0,17.75,15,10
Guardians Of The Galaxy Vol. 2,Grandmaster,0,6,15,10
Guardians Of The Galaxy Vol. 2,Groot,14,29.5,15,10
Guardians Of The Galaxy Vol. 2,Hank Pym,0,24.75,15,10
Guardians Of The Galaxy Vol. 2,Happy Hogan,0,17.75,15,10
Guardians Of The Galaxy Vol. 2,Harley Keener,0,6.25,15,10
Guardians Of The Galaxy Vol. 2,Heimdall,0,13.5,15,10
Guardians Of The Galaxy Vol. 2,Hela,0,12.25,15,10
Guardians Of The Galaxy Vol. 2,Ho Yinsen,0,11,15,10
Guardians Of The Galaxy Vol. 2,Hogun,0,8.25,15,10
Guardians Of The Galaxy Vol. 2,Hope van Dyne,0,15.75,15,10
Guardians Of The Galaxy Vol. 2,Howard Stark,0,8.75,15,10
Guardians Of The Galaxy Vol. 2,Ivan Vanko,0,20.75,15,10
Guardians Of The Galaxy Vol. 2,Jane Foster,0,46,15,10
Guardians Of The Galaxy Vol. 2,Jasper Sitwell,0,5.5,15,10
Guardians Of The Galaxy Vol. 2,Johann Schmidt,0,15.5,15,10
Guardians Of The Galaxy Vol. 2,Justin Hammer,0,16.5,15,10
Guardians Of The Galaxy Vol. 2,Kaecilius,0,12.75,15,10
Guardians Of The Galaxy Vol. 2,King Laufey,0,3.5,15,10
Guardians Of The Galaxy Vol. 2,Korg,0,3.75,15,10
Guardians Of The Galaxy Vol. 2,Kraglin,4.75,6.5,15,10
Guardians Of The Galaxy Vol. 2,Laura Barton,0,3.75,15,10
Guardians Of The Galaxy Vol. 2,Liz Allan,0,9.75,15,10
Guardians Of The Galaxy Vol. 2,Loki,0,75.25,15,10
Guardians Of The Galaxy Vol. 2,Luis,0,7,15,10
Guardians Of The Galaxy Vol. 2,Malekith the Accursed,0,8.75,15,10
Guardians Of The Galaxy Vol. 2,Mantis,11,11,15,10
Guardians Of The Galaxy Vol. 2,Maria Hill,0,11.75,15,10
Guardians Of The Galaxy Vol. 2,May Parker,0,5,15,10
Guardians Of The Galaxy Vol. 2,Maya Hansen,0,8.75,15,10
Guardians Of The Galaxy Vol. 2,Natasha Romanoff,0,89,15,10
Guardians Of The Galaxy Vol. 2,Nebula,10.5,15,15,10
Guardians Of The Galaxy Vol. 2,Ned Leeds,0,13.75,15,10
Guardians Of The Galaxy Vol. 2,Nick Fury,0,43.75,15,10
Guardians Of The Galaxy Vol. 2,Obadiah Stane,0,22,15,10
Guardians Of The Galaxy Vol. 2,Odin,0,23.75,15,10
Guardians Of The Galaxy Vol. 2,Paxton,0,4.5,15,10
Guardians Of The Galaxy Vol. 2,Peggy Carter,0,20.5,15,10
Guardians Of The Galaxy Vol. 2,Pepper Potts,0,64,15,10
Guardians Of The Galaxy Vol. 2,Peter Parker,0,84.75,15,10
Guardians Of The Galaxy Vol. 2,Peter Quill,35.75,82.5,15,10
Guardians Of The Galaxy Vol. 2,Pietro Maximoff,0,10.25,15,10
Guardians Of The Galaxy Vol. 2,Raza,0,6,15,10
Guardians Of The Galaxy Vol. 2,Rocket Raccoon,19.75,39.25,15,10
Guardians Of The Galaxy Vol. 2,Ronan the Accuser,0,7.75,15,10
Guardians Of The Galaxy Vol. 2,Sam Wilson,0,28,15,10
Guardians Of The Galaxy Vol. 2,Samuel Sterns,0,7.5,15,10
Guardians Of The Galaxy Vol. 2,Savin,0,6,15,10
Guardians Of The Galaxy Vol. 2,Scott Lang,0,56,15,10
Guardians Of The Galaxy Vol. 2,Sharon Carter,0,7.5,15,10
Guardians Of The Galaxy Vol. 2,Sif,0,11.5,15,10
Guardians Of The Galaxy Vol. 2,Skurge,0,6.75,15,10
Guardians Of The Galaxy Vol. 2,Steve Rogers,0,205.25,15,10
Guardians Of The Galaxy Vol. 2,T'Challa,0,11.5,15,10
Guardians Of The Galaxy Vol. 2,Taserface,4.25,4.25,15,10
Guardians Of The Galaxy Vol. 2,The Collector,0,3.75,15,10
Guardians Of The Galaxy Vol. 2,Thor,0,167.25,15,10
Guardians Of The Galaxy Vol. 2,Tinkerer,0,3.75,15,10
Guardians Of The Galaxy Vol. 2,Tony Stark,0,306,15,10
Guardians Of The Galaxy Vol. 2,Trevor Slattery,0,7.5,15,10
Guardians Of The Galaxy Vol. 2,Ultron,0,16.75,15,10
Guardians Of The Galaxy Vol. 2,Valkyrie,0,15.5,15,10
Guardians Of The Galaxy Vol. 2,Vision,0,13.5,15,10
Guardians Of The Galaxy Vol. 2,Volstagg,0,10.25,15,10
Guardians Of The Galaxy Vol. 2,Wanda Maximoff,0,23,15,10
Guardians Of The Galaxy Vol. 2,Wong,0,7,15,10
Guardians Of The Galaxy Vol. 2,Yondu Udonta,16.25,22.25,15,10
Guardians Of The Galaxy Vol. 2,Zemo,0,10.5,15,10
Iron Man,Adrian Toomes,0,19,1,1
Iron Man,Agent Phil Coulson,3.75,18.75,1,1
Iron Man,Aldrich Killian,0,12,1,1
Iron Man,Alexander Pierce,0,12.75,1,1
Iron Man,Algrim,0,6.25,1,1
Iron Man,Ancient One,0,17.25,1,1
Iron Man,Arnim Zola,0,10.5,1,1
Iron Man,Ayesha,0,3.5,1,1
Iron Man,Baron Mordo,0,17.75,1,1
Iron Man,Betty Ross,0,27,1,1
Iron Man,Bruce Banner,0,112.75,1,1
Iron Man,Bucky Barnes,0,43.5,1,1
Iron Man,Cassandra Lang,0,4.5,1,1
Iron Man,Chester Phillips,0,9.25,1,1
Iron Man,Christine Everhart,3.75,5.25,1,1
Iron Man,Christine Palmer,0,12.75,1,1
Iron Man,Clint Barton,0,32.5,1,1
Iron Man,Col. James Rhodes,8.25,46.5,1,1
Iron Man,Crossbones,0,8.5,1,1
Iron Man,Darcy Lewis,0,17.25,1,1
Iron Man,Darren Cross,0,14.5,1,1
Iron Man,Dr. Abraham Erskine,0,8.5,1,1
Iron Man,Dr. Helen Cho,0,3.25,1,1
Iron Man,Dr. Stephen Strange,0,76.25,1,1
Iron Man,Drax the Destroyer,0,34.5,1,1
Iron Man,Ego the Living Planet,0,17.5,1,1
Iron Man,Emil Blonsky,0,18.5,1,1
Iron Man,Erik Selvig,0,24,1,1
Iron Man,Fandral,0,9.5,1,1
Iron Man,Frigga,0,6,1,1
Iron Man,Gamora,0,55,1,1
Iron Man,Gen. Thaddeus Ross,0,17.75,1,1
Iron Man,Grandmaster,0,6,1,1
Iron Man,Groot,0,29.5,1,1
Iron Man,Hank Pym,0,24.75,1,1
Iron Man,Happy Hogan,1.25,17.75,1,1
Iron Man,Harley Keener,0,6.25,1,1
Iron Man,Heimdall,0,13.5,1,1
Iron Man,Hela,0,12.25,1,1
Iron Man,Ho Yinsen,10.75,11,1,1
Iron Man,Hogun,0,8.25,1,1
Iron Man,Hope van Dyne,0,15.75,1,1
Iron Man,Howard Stark,0,8.75,1,1
Iron Man,Ivan Vanko,0,20.75,1,1
Iron Man,Jane Foster,0,46,1,1
Iron Man,Jasper Sitwell,0,5.5,1,1
Iron Man,Johann Schmidt,0,15.5,1,1
Iron Man,Justin Hammer,0,16.5,1,1
Iron Man,Kaecilius,0,12.75,1,1
Iron Man,King Laufey,0,3.5,1,1
Iron Man,Korg,0,3.75,1,1
Iron Man,Kraglin,0,6.5,1,1
Iron Man,Laura Barton,0,3.75,1,1
Iron Man,Liz Allan,0,9.75,1,1
Iron Man,Loki,0,75.25,1,1
Iron Man,Luis,0,7,1,1
Iron Man,Malekith the Accursed,0,8.75,1,1
Iron Man,Mantis,0,11,1,1
Iron Man,Maria Hill,0,11.75,1,1
Iron Man,May Parker,0,5,1,1
Iron Man,Maya Hansen,0,8.75,1,1
Iron Man,Natasha Romanoff,0,89,1,1
Iron Man,Nebula,0,15,1,1
Iron Man,Ned Leeds,0,13.75,1,1
Iron Man,Nick Fury,0.25,43.75,1,1
Iron Man,Obadiah Stane,22,22,1,1
Iron Man,Odin,0,23.75,1,1
Iron Man,Paxton,0,4.5,1,1
Iron Man,Peggy Carter,0,20.5,1,1
Iron Man,Pepper Potts,23.25,64,1,1
Iron Man,Peter Parker,0,84.75,1,1
Iron Man,Peter Quill,0,82.5,1,1
Iron Man,Pietro Maximoff,0,10.25,1,1
Iron Man,Raza,6,6,1,1
Iron Man,Rocket Raccoon,0,39.25,1,1
Iron Man,Ronan the Accuser,0,7.75,1,1
Iron Man,Sam Wilson,0,28,1,1
Iron Man,Samuel Sterns,0,7.5,1,1
Iron Man,Savin,0,6,1,1
Iron Man,Scott Lang,0,56,1,1
Iron Man,Sharon Carter,0,7.5,1,1
Iron Man,Sif,0,11.5,1,1
Iron Man,Skurge,0,6.75,1,1
Iron Man,Steve Rogers,0,205.25,1,1
Iron Man,T'Challa,0,11.5,1,1
Iron Man,Taserface,0,4.25,1,1
Iron Man,The Collector,0,3.75,1,1
Iron Man,Thor,0,167.25,1,1
Iron Man,Tinkerer,0,3.75,1,1
Iron Man,Tony Stark,77.25,306,1,1
Iron Man,Trevor Slattery,0,7.5,1,1
Iron Man,Ultron,0,16.75,1,1
Iron Man,Valkyrie,0,15.5,1,1
Iron Man,Vision,0,13.5,1,1
Iron Man,Volstagg,0,10.25,1,1
Iron Man,Wanda Maximoff,0,23,1,1
Iron Man,Wong,0,7,1,1
Iron Man,Yondu Udonta,0,22.25,1,1
Iron Man,Zemo,0,10.5,1,1
Iron Man 2,Adrian Toomes,0,19,3,2
Iron Man 2,Agent Phil Coulson,2,18.75,3,2
Iron Man 2,Aldrich Killian,0,12,3,2
Iron Man 2,Alexander Pierce,0,12.75,3,2
Iron Man 2,Algrim,0,6.25,3,2
Iron Man 2,Ancient One,0,17.25,3,2
Iron Man 2,Arnim Zola,0,10.5,3,2
Iron Man 2,Ayesha,0,3.5,3,2
Iron Man 2,Baron Mordo,0,17.75,3,2
Iron Man 2,Betty Ross,0,27,3,2
Iron Man 2,Bruce Banner,0,112.75,3,2
Iron Man 2,Bucky Barnes,0,43.5,3,2
Iron Man 2,Cassandra Lang,0,4.5,3,2
Iron Man 2,Chester Phillips,0,9.25,3,2
Iron Man 2,Christine Everhart,1.5,5.25,3,2
Iron Man 2,Christine Palmer,0,12.75,3,2
Iron Man 2,Clint Barton,0,32.5,3,2
Iron Man 2,Col. James Rhodes,18.75,46.5,3,2
Iron Man 2,Crossbones,0,8.5,3,2
Iron Man 2,Darcy Lewis,0,17.25,3,2
Iron Man 2,Darren Cross,0,14.5,3,2
Iron Man 2,Dr. Abraham Erskine,0,8.5,3,2
Iron Man 2,Dr. Helen Cho,0,3.25,3,2
Iron Man 2,Dr. Stephen Strange,0,76.25,3,2
Iron Man 2,Drax the Destroyer,0,34.5,3,2
Iron Man 2,Ego the Living Planet,0,17.5,3,2
Iron Man 2,Emil Blonsky,0,18.5,3,2
Iron Man 2,Erik Selvig,0,24,3,2
Iron Man 2,Fandral,0,9.5,3,2
Iron Man 2,Frigga,0,6,3,2
Iron Man 2,Gamora,0,55,3,2
Iron Man 2,Gen. Thaddeus Ross,0,17.75,3,2
Iron Man 2,Grandmaster,0,6,3,2
Iron Man 2,Groot,0,29.5,3,2
Iron Man 2,Hank Pym,0,24.75,3,2
Iron Man 2,Happy Hogan,4.25,17.75,3,2
Iron Man 2,Harley Keener,0,6.25,3,2
Iron Man 2,Heimdall,0,13.5,3,2
Iron Man 2,Hela,0,12.25,3,2
Iron Man 2,Ho Yinsen,0,11,3,2
Iron Man 2,Hogun,0,8.25,3,2
Iron Man 2,Hope van Dyne,0,15.75,3,2
Iron Man 2,Howard Stark,2,8.75,3,2
Iron Man 2,Ivan Vanko,20.75,20.75,3,2
Iron Man 2,Jane Foster,0,46,3,2
Iron Man 2,Jasper Sitwell,0,5.5,3,2
Iron Man 2,Johann Schmidt,0,15.5,3,2
Iron Man 2,Justin Hammer,16.5,16.5,3,2
Iron Man 2,Kaecilius,0,12.75,3,2
Iron Man 2,King Laufey,0,3.5,3,2
Iron Man 2,Korg,0,3.75,3,2
Iron Man 2,Kraglin,0,6.5,3,2
Iron Man 2,Laura Barton,0,3.75,3,2
Iron Man 2,Liz Allan,0,9.75,3,2
Iron Man 2,Loki,0,75.25,3,2
Iron Man 2,Luis,0,7,3,2
Iron Man 2,Malekith the Accursed,0,8.75,3,2
Iron Man 2,Mantis,0,11,3,2
Iron Man 2,Maria Hill,0,11.75,3,2
Iron Man 2,May Parker,0,5,3,2
Iron Man 2,Maya Hansen,0,8.75,3,2
Iron Man 2,Natasha Romanoff,9.25,89,3,2
Iron Man 2,Nebula,0,15,3,2
Iron Man 2,Ned Leeds,0,13.75,3,2
Iron Man 2,Nick Fury,5.5,43.75,3,2
Iron Man 2,Obadiah Stane,0,22,3,2
Iron Man 2,Odin,0,23.75,3,2
Iron Man 2,Paxton,0,4.5,3,2
Iron Man 2,Peggy Carter,0,20.5,3,2
Iron Man 2,Pepper Potts,17.5,64,3,2
Iron Man 2,Peter Parker,0,84.75,3,2
Iron Man 2,Peter Quill,0,82.5,3,2
Iron Man 2,Pietro Maximoff,0,10.25,3,2
Iron Man 2,Raza,0,6,3,2
Iron Man 2,Rocket Raccoon,0,39.25,3,2
Iron Man 2,Ronan the Accuser,0,7.75,3,2
Iron Man 2,Sam Wilson,0,28,3,2
Iron Man 2,Samuel Sterns,0,7.5,3,2
Iron Man 2,Savin,0,6,3,2
Iron Man 2,Scott Lang,0,56,3,2
Iron Man 2,Sharon Carter,0,7.5,3,2
Iron Man 2,Sif,0,11.5,3,2
Iron Man 2,Skurge,0,6.75,3,2
Iron Man 2,Steve Rogers,0,205.25,3,2
Iron Man 2,T'Challa,0,11.5,3,2
Iron Man 2,Taserface,0,4.25,3,2
Iron Man 2,The Collector,0,3.75,3,2
Iron Man 2,Thor,0,167.25,3,2
Iron Man 2,Tinkerer,0,3.75,3,2
Iron Man 2,Tony Stark,61.25,306,3,2
Iron Man 2,Trevor Slattery,0,7.5,3,2
Iron Man 2,Ultron,0,16.75,3,2
Iron Man 2,Valkyrie,0,15.5,3,2
Iron Man 2,Vision,0,13.5,3,2
Iron Man 2,Volstagg,0,10.25,3,2
Iron Man 2,Wanda Maximoff,0,23,3,2
Iron Man 2,Wong,0,7,3,2
Iron Man 2,Yondu Udonta,0,22.25,3,2
Iron Man 2,Zemo,0,10.5,3,2
Iron Man 3,Adrian Toomes,0,19,7,7
Iron Man 3,Agent Phil Coulson,0,18.75,7,7
Iron Man 3,Aldrich Killian,12,12,7,7
Iron Man 3,Alexander Pierce,0,12.75,7,7
Iron Man 3,Algrim,0,6.25,7,7
Iron Man 3,Ancient One,0,17.25,7,7
Iron Man 3,Arnim Zola,0,10.5,7,7
Iron Man 3,Ayesha,0,3.5,7,7
Iron Man 3,Baron Mordo,0,17.75,7,7
Iron Man 3,Betty Ross,0,27,7,7
Iron Man 3,Bruce Banner,0.75,112.75,7,7
Iron Man 3,Bucky Barnes,0,43.5,7,7
Iron Man 3,Cassandra Lang,0,4.5,7,7
Iron Man 3,Chester Phillips,0,9.25,7,7
Iron Man 3,Christine Everhart,0,5.25,7,7
Iron Man 3,Christine Palmer,0,12.75,7,7
Iron Man 3,Clint Barton,0,32.5,7,7
Iron Man 3,Col. James Rhodes,9.75,46.5,7,7
Iron Man 3,Crossbones,0,8.5,7,7
Iron Man 3,Darcy Lewis,0,17.25,7,7
Iron Man 3,Darren Cross,0,14.5,7,7
Iron Man 3,Dr. Abraham Erskine,0,8.5,7,7
Iron Man 3,Dr. Helen Cho,0,3.25,7,7
Iron Man 3,Dr. Stephen Strange,0,76.25,7,7
Iron Man 3,Drax the Destroyer,0,34.5,7,7
Iron Man 3,Ego the Living Planet,0,17.5,7,7
Iron Man 3,Emil Blonsky,0,18.5,7,7
Iron Man 3,Erik Selvig,0,24,7,7
Iron Man 3,Fandral,0,9.5,7,7
Iron Man 3,Frigga,0,6,7,7
Iron Man 3,Gamora,0,55,7,7
Iron Man 3,Gen. Thaddeus Ross,0,17.75,7,7
Iron Man 3,Grandmaster,0,6,7,7
Iron Man 3,Groot,0,29.5,7,7
Iron Man 3,Hank Pym,0,24.75,7,7
Iron Man 3,Happy Hogan,6.25,17.75,7,7
Iron Man 3,Harley Keener,6.25,6.25,7,7
Iron Man 3,Heimdall,0,13.5,7,7
Iron Man 3,Hela,0,12.25,7,7
Iron Man 3,Ho Yinsen,0.25,11,7,7
Iron Man 3,Hogun,0,8.25,7,7
Iron Man 3,Hope van Dyne,0,15.75,7,7
Iron Man 3,Howard Stark,0,8.75,7,7
Iron Man 3,Ivan Vanko,0,20.75,7,7
Iron Man 3,Jane Foster,0,46,7,7
Iron Man 3,Jasper Sitwell,0,5.5,7,7
Iron Man 3,Johann Schmidt,0,15.5,7,7
Iron Man 3,Justin Hammer,0,16.5,7,7
Iron Man 3,Kaecilius,0,12.75,7,7
Iron Man 3,King Laufey,0,3.5,7,7
Iron Man 3,Korg,0,3.75,7,7
Iron Man 3,Kraglin,0,6.5,7,7
Iron Man 3,Laura Barton,0,3.75,7,7
Iron Man 3,Liz Allan,0,9.75,7,7
Iron Man 3,Loki,0,75.25,7,7
Iron Man 3,Luis,0,7,7,7
Iron Man 3,Malekith the Accursed,0,8.75,7,7
Iron Man 3,Mantis,0,11,7,7
Iron Man 3,Maria Hill,0,11.75,7,7
Iron Man 3,May Parker,0,5,7,7
Iron Man 3,Maya Hansen,8.75,8.75,7,7
Iron Man 3,Natasha Romanoff,0,89,7,7
Iron Man 3,Nebula,0,15,7,7
Iron Man 3,Ned Leeds,0,13.75,7,7
Iron Man 3,Nick Fury,0,43.75,7,7
Iron Man 3,Obadiah Stane,0,22,7,7
Iron Man 3,Odin,0,23.75,7,7
Iron Man 3,Paxton,0,4.5,7,7
Iron Man 3,Peggy Carter,0,20.5,7,7
Iron Man 3,Pepper Potts,18,64,7,7
Iron Man 3,Peter Parker,0,84.75,7,7
Iron Man 3,Peter Quill,0,82.5,7,7
Iron Man 3,Pietro Maximoff,0,10.25,7,7
Iron Man 3,Raza,0,6,7,7
Iron Man 3,Rocket Raccoon,0,39.25,7,7
Iron Man 3,Ronan the Accuser,0,7.75,7,7
Iron Man 3,Sam Wilson,0,28,7,7
Iron Man 3,Samuel Sterns,0,7.5,7,7
Iron Man 3,Savin,6,6,7,7
Iron Man 3,Scott Lang,0,56,7,7
Iron Man 3,Sharon Carter,0,7.5,7,7
Iron Man 3,Sif,0,11.5,7,7
Iron Man 3,Skurge,0,6.75,7,7
Iron Man 3,Steve Rogers,0,205.25,7,7
Iron Man 3,T'Challa,0,11.5,7,7
Iron Man 3,Taserface,0,4.25,7,7
Iron Man 3,The Collector,0,3.75,7,7
Iron Man 3,Thor,0,167.25,7,7
Iron Man 3,Tinkerer,0,3.75,7,7
Iron Man 3,Tony Stark,62.25,306,7,7
Iron Man 3,Trevor Slattery,7.5,7.5,7,7
Iron Man 3,Ultron,0,16.75,7,7
Iron Man 3,Valkyrie,0,15.5,7,7
Iron Man 3,Vision,0,13.5,7,7
Iron Man 3,Volstagg,0,10.25,7,7
Iron Man 3,Wanda Maximoff,0,23,7,7
Iron Man 3,Wong,0,7,7,7
Iron Man 3,Yondu Udonta,0,22.25,7,7
Iron Man 3,Zemo,0,10.5,7,7
Spider-Man: Homecoming,Adrian Toomes,19,19,16,16
Spider-Man: Homecoming,Agent Phil Coulson,0,18.75,16,16
Spider-Man: Homecoming,Aldrich Killian,0,12,16,16
Spider-Man: Homecoming,Alexander Pierce,0,12.75,16,16
Spider-Man: Homecoming,Algrim,0,6.25,16,16
Spider-Man: Homecoming,Ancient One,0,17.25,16,16
Spider-Man: Homecoming,Arnim Zola,0,10.5,16,16
Spider-Man: Homecoming,Ayesha,0,3.5,16,16
Spider-Man: Homecoming,Baron Mordo,0,17.75,16,16
Spider-Man: Homecoming,Betty Ross,0,27,16,16
Spider-Man: Homecoming,Bruce Banner,0,112.75,16,16
Spider-Man: Homecoming,Bucky Barnes,0,43.5,16,16
Spider-Man: Homecoming,Cassandra Lang,0,4.5,16,16
Spider-Man: Homecoming,Chester Phillips,0,9.25,16,16
Spider-Man: Homecoming,Christine Everhart,0,5.25,16,16
Spider-Man: Homecoming,Christine Palmer,0,12.75,16,16
Spider-Man: Homecoming,Clint Barton,0,32.5,16,16
Spider-Man: Homecoming,Col. James Rhodes,0,46.5,16,16
Spider-Man: Homecoming,Crossbones,0,8.5,16,16
Spider-Man: Homecoming,Darcy Lewis,0,17.25,16,16
Spider-Man: Homecoming,Darren Cross,0,14.5,16,16
Spider-Man: Homecoming,Dr. Abraham Erskine,0,8.5,16,16
Spider-Man: Homecoming,Dr. Helen Cho,0,3.25,16,16
Spider-Man: Homecoming,Dr. Stephen Strange,0,76.25,16,16
Spider-Man: Homecoming,Drax the Destroyer,0,34.5,16,16
Spider-Man: Homecoming,Ego the Living Planet,0,17.5,16,16
Spider-Man: Homecoming,Emil Blonsky,0,18.5,16,16
Spider-Man: Homecoming,Erik Selvig,0,24,16,16
Spider-Man: Homecoming,Fandral,0,9.5,16,16
Spider-Man: Homecoming,Frigga,0,6,16,16
Spider-Man: Homecoming,Gamora,0,55,16,16
Spider-Man: Homecoming,Gen. Thaddeus Ross,0,17.75,16,16
Spider-Man: Homecoming,Grandmaster,0,6,16,16
Spider-Man: Homecoming,Groot,0,29.5,16,16
Spider-Man: Homecoming,Hank Pym,0,24.75,16,16
Spider-Man: Homecoming,Happy Hogan,6,17.75,16,16
Spider-Man: Homecoming,Harley Keener,0,6.25,16,16
Spider-Man: Homecoming,Heimdall,0,13.5,16,16
Spider-Man: Homecoming,Hela,0,12.25,16,16
Spider-Man: Homecoming,Ho Yinsen,0,11,16,16
Spider-Man: Homecoming,Hogun,0,8.25,16,16
Spider-Man: Homecoming,Hope van Dyne,0,15.75,16,16
Spider-Man: Homecoming,Howard Stark,0,8.75,16,16
Spider-Man: Homecoming,Ivan Vanko,0,20.75,16,16
Spider-Man: Homecoming,Jane Foster,0,46,16,16
Spider-Man: Homecoming,Jasper Sitwell,0,5.5,16,16
Spider-Man: Homecoming,Johann Schmidt,0,15.5,16,16
Spider-Man: Homecoming,Justin Hammer,0,16.5,16,16
Spider-Man: Homecoming,Kaecilius,0,12.75,16,16
Spider-Man: Homecoming,King Laufey,0,3.5,16,16
Spider-Man: Homecoming,Korg,0,3.75,16,16
Spider-Man: Homecoming,Kraglin,0,6.5,16,16
Spider-Man: Homecoming,Laura Barton,0,3.75,16,16
Spider-Man: Homecoming,Liz Allan,9.75,9.75,16,16
Spider-Man: Homecoming,Loki,0,75.25,16,16
Spider-Man: Homecoming,Luis,0,7,16,16
Spider-Man: Homecoming,Malekith the Accursed,0,8.75,16,16
Spider-Man: Homecoming,Mantis,0,11,16,16
Spider-Man: Homecoming,Maria Hill,0,11.75,16,16
Spider-Man: Homecoming,May Parker,4,5,16,16
Spider-Man: Homecoming,Maya Hansen,0,8.75,16,16
Spider-Man: Homecoming,Natasha Romanoff,0,89,16,16
Spider-Man: Homecoming,Nebula,0,15,16,16
Spider-Man: Homecoming,Ned Leeds,13.75,13.75,16,16
Spider-Man: Homecoming,Nick Fury,0,43.75,16,16
Spider-Man: Homecoming,Obadiah Stane,0,22,16,16
Spider-Man: Homecoming,Odin,0,23.75,16,16
Spider-Man: Homecoming,Paxton,0,4.5,16,16
Spider-Man: Homecoming,Peggy Carter,0,20.5,16,16
Spider-Man: Homecoming,Pepper Potts,0.75,64,16,16
Spider-Man: Homecoming,Peter Parker,76.25,84.75,16,16
Spider-Man: Homecoming,Peter Quill,0,82.5,16,16
Spider-Man: Homecoming,Pietro Maximoff,0,10.25,16,16
Spider-Man: Homecoming,Raza,0,6,16,16
Spider-Man: Homecoming,Rocket Raccoon,0,39.25,16,16
Spider-Man: Homecoming,Ronan the Accuser,0,7.75,16,16
Spider-Man: Homecoming,Sam Wilson,0,28,16,16
Spider-Man: Homecoming,Samuel Sterns,0,7.5,16,16
Spider-Man: Homecoming,Savin,0,6,16,16
Spider-Man: Homecoming,Scott Lang,0,56,16,16
Spider-Man: Homecoming,Sharon Carter,0,7.5,16,16
Spider-Man: Homecoming,Sif,0,11.5,16,16
Spider-Man: Homecoming,Skurge,0,6.75,16,16
Spider-Man: Homecoming,Steve Rogers,1,205.25,16,16
Spider-Man: Homecoming,T'Challa,0,11.5,16,16
Spider-Man: Homecoming,Taserface,0,4.25,16,16
Spider-Man: Homecoming,The Collector,0,3.75,16,16
Spider-Man: Homecoming,Thor,0,167.25,16,16
Spider-Man: Homecoming,Tinkerer,3.75,3.75,16,16
Spider-Man: Homecoming,Tony Stark,8,306,16,16
Spider-Man: Homecoming,Trevor Slattery,0,7.5,16,16
Spider-Man: Homecoming,Ultron,0,16.75,16,16
Spider-Man: Homecoming,Valkyrie,0,15.5,16,16
Spider-Man: Homecoming,Vision,0,13.5,16,16
Spider-Man: Homecoming,Volstagg,0,10.25,16,16
Spider-Man: Homecoming,Wanda Maximoff,0,23,16,16
Spider-Man: Homecoming,Wong,0,7,16,16
Spider-Man: Homecoming,Yondu Udonta,0,22.25,16,16
Spider-Man: Homecoming,Zemo,0,10.5,16,16
The Avengers,Adrian Toomes,0,19,6,6
The Avengers,Agent Phil Coulson,9,18.75,6,6
The Avengers,Aldrich Killian,0,12,6,6
The Avengers,Alexander Pierce,0,12.75,6,6
The Avengers,Algrim,0,6.25,6,6
The Avengers,Ancient One,0,17.25,6,6
The Avengers,Arnim Zola,0,10.5,6,6
The Avengers,Ayesha,0,3.5,6,6
The Avengers,Baron Mordo,0,17.75,6,6
The Avengers,Betty Ross,0,27,6,6
The Avengers,Bruce Banner,22.25,112.75,6,6
The Avengers,Bucky Barnes,0,43.5,6,6
The Avengers,Cassandra Lang,0,4.5,6,6
The Avengers,Chester Phillips,0,9.25,6,6
The Avengers,Christine Everhart,0,5.25,6,6
The Avengers,Christine Palmer,0,12.75,6,6
The Avengers,Clint Barton,12.75,32.5,6,6
The Avengers,Col. James Rhodes,0,46.5,6,6
The Avengers,Crossbones,0,8.5,6,6
The Avengers,Darcy Lewis,0,17.25,6,6
The Avengers,Darren Cross,0,14.5,6,6
The Avengers,Dr. Abraham Erskine,0,8.5,6,6
The Avengers,Dr. Helen Cho,0,3.25,6,6
The Avengers,Dr. Stephen Strange,0,76.25,6,6
The Avengers,Drax the Destroyer,0,34.5,6,6
The Avengers,Ego the Living Planet,0,17.5,6,6
The Avengers,Emil Blonsky,0,18.5,6,6
The Avengers,Erik Selvig,3,24,6,6
The Avengers,Fandral,0,9.5,6,6
The Avengers,Frigga,0,6,6,6
The Avengers,Gamora,0,55,6,6
The Avengers,Gen. Thaddeus Ross,0,17.75,6,6
The Avengers,Grandmaster,0,6,6,6
The Avengers,Groot,0,29.5,6,6
The Avengers,Hank Pym,0,24.75,6,6
The Avengers,Happy Hogan,0,17.75,6,6
The Avengers,Harley Keener,0,6.25,6,6
The Avengers,Heimdall,0,13.5,6,6
The Avengers,Hela,0,12.25,6,6
The Avengers,Ho Yinsen,0,11,6,6
The Avengers,Hogun,0,8.25,6,6
The Avengers,Hope van Dyne,0,15.75,6,6
The Avengers,Howard Stark,0,8.75,6,6
The Avengers,Ivan Vanko,0,20.75,6,6
The Avengers,Jane Foster,0,46,6,6
The Avengers,Jasper Sitwell,0.5,5.5,6,6
The Avengers,Johann Schmidt,0,15.5,6,6
The Avengers,Justin Hammer,0,16.5,6,6
The Avengers,Kaecilius,0,12.75,6,6
The Avengers,King Laufey,0,3.5,6,6
The Avengers,Korg,0,3.75,6,6
The Avengers,Kraglin,0,6.5,6,6
The Avengers,Laura Barton,0,3.75,6,6
The Avengers,Liz Allan,0,9.75,6,6
The Avengers,Loki,21.5,75.25,6,6
The Avengers,Luis,0,7,6,6
The Avengers,Malekith the Accursed,0,8.75,6,6
The Avengers,Mantis,0,11,6,6
The Avengers,Maria Hill,5.5,11.75,6,6
The Avengers,May Parker,0,5,6,6
The Avengers,Maya Hansen,0,8.75,6,6
The Avengers,Natasha Romanoff,24.75,89,6,6
The Avengers,Nebula,0,15,6,6
The Avengers,Ned Leeds,0,13.75,6,6
The Avengers,Nick Fury,18.25,43.75,6,6
The Avengers,Obadiah Stane,0,22,6,6
The Avengers,Odin,0,23.75,6,6
The Avengers,Paxton,0,4.5,6,6
The Avengers,Peggy Carter,0,20.5,6,6
The Avengers,Pepper Potts,4.5,64,6,6
The Avengers,Peter Parker,0,84.75,6,6
The Avengers,Peter Quill,0,82.5,6,6
The Avengers,Pietro Maximoff,0,10.25,6,6
The Avengers,Raza,0,6,6,6
The Avengers,Rocket Raccoon,0,39.25,6,6
The Avengers,Ronan the Accuser,0,7.75,6,6
The Avengers,Sam Wilson,0,28,6,6
The Avengers,Samuel Sterns,0,7.5,6,6
The Avengers,Savin,0,6,6,6
The Avengers,Scott Lang,0,56,6,6
The Avengers,Sharon Carter,0,7.5,6,6
The Avengers,Sif,0,11.5,6,6
The Avengers,Skurge,0,6.75,6,6
The Avengers,Steve Rogers,28.25,205.25,6,6
The Avengers,T'Challa,0,11.5,6,6
The Avengers,Taserface,0,4.25,6,6
The Avengers,The Collector,0,3.75,6,6
The Avengers,Thor,18,167.25,6,6
The Avengers,Tinkerer,0,3.75,6,6
The Avengers,Tony Stark,32.25,306,6,6
The Avengers,Trevor Slattery,0,7.5,6,6
The Avengers,Ultron,0,16.75,6,6
The Avengers,Valkyrie,0,15.5,6,6
The Avengers,Vision,0,13.5,6,6
The Avengers,Volstagg,0,10.25,6,6
The Avengers,Wanda Maximoff,0,23,6,6
The Avengers,Wong,0,7,6,6
The Avengers,Yondu Udonta,0,22.25,6,6
The Avengers,Zemo,0,10.5,6,6
The Incredible Hulk,Adrian Toomes,0,19,2,3
The Incredible Hulk,Agent Phil Coulson,0,18.75,2,3
The Incredible Hulk,Aldrich Killian,0,12,2,3
The Incredible Hulk,Alexander Pierce,0,12.75,2,3
The Incredible Hulk,Algrim,0,6.25,2,3
The Incredible Hulk,Ancient One,0,17.25,2,3
The Incredible Hulk,Arnim Zola,0,10.5,2,3
The Incredible Hulk,Ayesha,0,3.5,2,3
The Incredible Hulk,Baron Mordo,0,17.75,2,3
The Incredible Hulk,Betty Ross,27,27,2,3
The Incredible Hulk,Bruce Banner,51.75,112.75,2,3
The Incredible Hulk,Bucky Barnes,0,43.5,2,3
The Incredible Hulk,Cassandra Lang,0,4.5,2,3
The Incredible Hulk,Chester Phillips,0,9.25,2,3
The Incredible Hulk,Christine Everhart,0,5.25,2,3
The Incredible Hulk,Christine Palmer,0,12.75,2,3
The Incredible Hulk,Clint Barton,0,32.5,2,3
The Incredible Hulk,Col. James Rhodes,0,46.5,2,3
The Incredible Hulk,Crossbones,0,8.5,2,3
The Incredible Hulk,Darcy Lewis,0,17.25,2,3
The Incredible Hulk,Darren Cross,0,14.5,2,3
The Incredible Hulk,Dr. Abraham Erskine,0,8.5,2,3
The Incredible Hulk,Dr. Helen Cho,0,3.25,2,3
The Incredible Hulk,Dr. Stephen Strange,0,76.25,2,3
The Incredible Hulk,Drax the Destroyer,0,34.5,2,3
The Incredible Hulk,Ego the Living Planet,0,17.5,2,3
The Incredible Hulk,Emil Blonsky,18.5,18.5,2,3
The Incredible Hulk,Erik Selvig,0,24,2,3
The Incredible Hulk,Fandral,0,9.5,2,3
The Incredible Hulk,Frigga,0,6,2,3
The Incredible Hulk,Gamora,0,55,2,3
The Incredible Hulk,Gen. Thaddeus Ross,15,17.75,2,3
The Incredible Hulk,Grandmaster,0,6,2,3
The Incredible Hulk,Groot,0,29.5,2,3
The Incredible Hulk,Hank Pym,0,24.75,2,3
The Incredible Hulk,Happy Hogan,0,17.75,2,3
The Incredible Hulk,Harley Keener,0,6.25,2,3
The Incredible Hulk,Heimdall,0,13.5,2,3
The Incredible Hulk,Hela,0,12.25,2,3
The Incredible Hulk,Ho Yinsen,0,11,2,3
The Incredible Hulk,Hogun,0,8.25,2,3
The Incredible Hulk,Hope van Dyne,0,15.75,2,3
The Incredible Hulk,Howard Stark,0,8.75,2,3
The Incredible Hulk,Ivan Vanko,0,20.75,2,3
The Incredible Hulk,Jane Foster,0,46,2,3
The Incredible Hulk,Jasper Sitwell,0,5.5,2,3
The Incredible Hulk,Johann Schmidt,0,15.5,2,3
The Incredible Hulk,Justin Hammer,0,16.5,2,3
The Incredible Hulk,Kaecilius,0,12.75,2,3
The Incredible Hulk,King Laufey,0,3.5,2,3
The Incredible Hulk,Korg,0,3.75,2,3
The Incredible Hulk,Kraglin,0,6.5,2,3
The Incredible Hulk,Laura Barton,0,3.75,2,3
The Incredible Hulk,Liz Allan,0,9.75,2,3
The Incredible Hulk,Loki,0,75.25,2,3
The Incredible Hulk,Luis,0,7,2,3
The Incredible Hulk,Malekith the Accursed,0,8.75,2,3
The Incredible Hulk,Mantis,0,11,2,3
The Incredible Hulk,Maria Hill,0,11.75,2,3
The Incredible Hulk,May Parker,0,5,2,3
The Incredible Hulk,Maya Hansen,0,8.75,2,3
The Incredible Hulk,Natasha Romanoff,0,89,2,3
The Incredible Hulk,Nebula,0,15,2,3
The Incredible Hulk,Ned Leeds,0,13.75,2,3
The Incredible Hulk,Nick Fury,0,43.75,2,3
The Incredible Hulk,Obadiah Stane,0,22,2,3
The Incredible Hulk,Odin,0,23.75,2,3
The Incredible Hulk,Paxton,0,4.5,2,3
The Incredible Hulk,Peggy Carter,0,20.5,2,3
The Incredible Hulk,Pepper Potts,0,64,2,3
The Incredible Hulk,Peter Parker,0,84.75,2,3
The Incredible Hulk,Peter Quill,0,82.5,2,3
The Incredible Hulk,Pietro Maximoff,0,10.25,2,3
The Incredible Hulk,Raza,0,6,2,3
The Incredible Hulk,Rocket Raccoon,0,39.25,2,3
The Incredible Hulk,Ronan the Accuser,0,7.75,2,3
The Incredible Hulk,Sam Wilson,0,28,2,3
The Incredible Hulk,Samuel Sterns,7.5,7.5,2,3
The Incredible Hulk,Savin,0,6,2,3
The Incredible Hulk,Scott Lang,0,56,2,3
The Incredible Hulk,Sharon Carter,0,7.5,2,3
The Incredible Hulk,Sif,0,11.5,2,3
The Incredible Hulk,Skurge,0,6.75,2,3
The Incredible Hulk,Steve Rogers,0,205.25,2,3
The Incredible Hulk,T'Challa,0,11.5,2,3
The Incredible Hulk,Taserface,0,4.25,2,3
The Incredible Hulk,The Collector,0,3.75,2,3
The Incredible Hulk,Thor,0,167.25,2,3
The Incredible Hulk,Tinkerer,0,3.75,2,3
The Incredible Hulk,Tony Stark,0.5,306,2,3
The Incredible Hulk,Trevor Slattery,0,7.5,2,3
The Incredible Hulk,Ultron,0,16.75,2,3
The Incredible Hulk,Valkyrie,0,15.5,2,3
The Incredible Hulk,Vision,0,13.5,2,3
The Incredible Hulk,Volstagg,0,10.25,2,3
The Incredible Hulk,Wanda Maximoff,0,23,2,3
The Incredible Hulk,Wong,0,7,2,3
The Incredible Hulk,Yondu Udonta,0,22.25,2,3
The Incredible Hulk,Zemo,0,10.5,2,3
Thor,Adrian Toomes,0,19,4,4
Thor,Agent Phil Coulson,4,18.75,4,4
Thor,Aldrich Killian,0,12,4,4
Thor,Alexander Pierce,0,12.75,4,4
Thor,Algrim,0,6.25,4,4
Thor,Ancient One,0,17.25,4,4
Thor,Arnim Zola,0,10.5,4,4
Thor,Ayesha,0,3.5,4,4
Thor,Baron Mordo,0,17.75,4,4
Thor,Betty Ross,0,27,4,4
Thor,Bruce Banner,0,112.75,4,4
Thor,Bucky Barnes,0,43.5,4,4
Thor,Cassandra Lang,0,4.5,4,4
Thor,Chester Phillips,0,9.25,4,4
Thor,Christine Everhart,0,5.25,4,4
Thor,Christine Palmer,0,12.75,4,4
Thor,Clint Barton,0.5,32.5,4,4
Thor,Col. James Rhodes,0,46.5,4,4
Thor,Crossbones,0,8.5,4,4
Thor,Darcy Lewis,8.5,17.25,4,4
Thor,Darren Cross,0,14.5,4,4
Thor,Dr. Abraham Erskine,0,8.5,4,4
Thor,Dr. Helen Cho,0,3.25,4,4
Thor,Dr. Stephen Strange,0,76.25,4,4
Thor,Drax the Destroyer,0,34.5,4,4
Thor,Ego the Living Planet,0,17.5,4,4
Thor,Emil Blonsky,0,18.5,4,4
Thor,Erik Selvig,13.75,24,4,4
Thor,Fandral,7,9.5,4,4
Thor,Frigga,2,6,4,4
Thor,Gamora,0,55,4,4
Thor,Gen. Thaddeus Ross,0,17.75,4,4
Thor,Grandmaster,0,6,4,4
Thor,Groot,0,29.5,4,4
Thor,Hank Pym,0,24.75,4,4
Thor,Happy Hogan,0,17.75,4,4
Thor,Harley Keener,0,6.25,4,4
Thor,Heimdall,4.25,13.5,4,4
Thor,Hela,0,12.25,4,4
Thor,Ho Yinsen,0,11,4,4
Thor,Hogun,6.5,8.25,4,4
Thor,Hope van Dyne,0,15.75,4,4
Thor,Howard Stark,0,8.75,4,4
Thor,Ivan Vanko,0,20.75,4,4
Thor,Jane Foster,21,46,4,4
Thor,Jasper Sitwell,1,5.5,4,4
Thor,Johann Schmidt,0,15.5,4,4
Thor,Justin Hammer,0,16.5,4,4
Thor,Kaecilius,0,12.75,4,4
Thor,King Laufey,3.5,3.5,4,4
Thor,Korg,0,3.75,4,4
Thor,Kraglin,0,6.5,4,4
Thor,Laura Barton,0,3.75,4,4
Thor,Liz Allan,0,9.75,4,4
Thor,Loki,21.25,75.25,4,4
Thor,Luis,0,7,4,4
Thor,Malekith the Accursed,0,8.75,4,4
Thor,Mantis,0,11,4,4
Thor,Maria Hill,0,11.75,4,4
Thor,May Parker,0,5,4,4
Thor,Maya Hansen,0,8.75,4,4
Thor,Natasha Romanoff,0,89,4,4
Thor,Nebula,0,15,4,4
Thor,Ned Leeds,0,13.75,4,4
Thor,Nick Fury,0.75,43.75,4,4
Thor,Obadiah Stane,0,22,4,4
Thor,Odin,11.25,23.75,4,4
Thor,Paxton,0,4.5,4,4
Thor,Peggy Carter,0,20.5,4,4
Thor,Pepper Potts,0,64,4,4
Thor,Peter Parker,0,84.75,4,4
Thor,Peter Quill,0,82.5,4,4
Thor,Pietro Maximoff,0,10.25,4,4
Thor,Raza,0,6,4,4
Thor,Rocket Raccoon,0,39.25,4,4
Thor,Ronan the Accuser,0,7.75,4,4
Thor,Sam Wilson,0,28,4,4
Thor,Samuel Sterns,0,7.5,4,4
Thor,Savin,0,6,4,4
Thor,Scott Lang,0,56,4,4
Thor,Sharon Carter,0,7.5,4,4
Thor,Sif,8.25,11.5,4,4
Thor,Skurge,0,6.75,4,4
Thor,Steve Rogers,0,205.25,4,4
Thor,T'Challa,0,11.5,4,4
Thor,Taserface,0,4.25,4,4
Thor,The Collector,0,3.75,4,4
Thor,Thor,43.25,167.25,4,4
Thor,Tinkerer,0,3.75,4,4
Thor,Tony Stark,0,306,4,4
Thor,Trevor Slattery,0,7.5,4,4
Thor,Ultron,0,16.75,4,4
Thor,Valkyrie,0,15.5,4,4
Thor,Vision,0,13.5,4,4
Thor,Volstagg,7,10.25,4,4
Thor,Wanda Maximoff,0,23,4,4
Thor,Wong,0,7,4,4
Thor,Yondu Udonta,0,22.25,4,4
Thor,Zemo,0,10.5,4,4
Thor: Ragnarok,Adrian Toomes,0,19,17,17
Thor: Ragnarok,Agent Phil Coulson,0,18.75,17,17
Thor: Ragnarok,Aldrich Killian,0,12,17,17
Thor: Ragnarok,Alexander Pierce,0,12.75,17,17
Thor: Ragnarok,Algrim,0,6.25,17,17
Thor: Ragnarok,Ancient One,0,17.25,17,17
Thor: Ragnarok,Arnim Zola,0,10.5,17,17
Thor: Ragnarok,Ayesha,0,3.5,17,17
Thor: Ragnarok,Baron Mordo,0,17.75,17,17
Thor: Ragnarok,Betty Ross,0,27,17,17
Thor: Ragnarok,Bruce Banner,18,112.75,17,17
Thor: Ragnarok,Bucky Barnes,0,43.5,17,17
Thor: Ragnarok,Cassandra Lang,0,4.5,17,17
Thor: Ragnarok,Chester Phillips,0,9.25,17,17
Thor: Ragnarok,Christine Everhart,0,5.25,17,17
Thor: Ragnarok,Christine Palmer,0,12.75,17,17
Thor: Ragnarok,Clint Barton,0,32.5,17,17
Thor: Ragnarok,Col. James Rhodes,0,46.5,17,17
Thor: Ragnarok,Crossbones,0,8.5,17,17
Thor: Ragnarok,Darcy Lewis,0,17.25,17,17
Thor: Ragnarok,Darren Cross,0,14.5,17,17
Thor: Ragnarok,Dr. Abraham Erskine,0,8.5,17,17
Thor: Ragnarok,Dr. Helen Cho,0,3.25,17,17
Thor: Ragnarok,Dr. Stephen Strange,2.75,76.25,17,17
Thor: Ragnarok,Drax the Destroyer,0,34.5,17,17
Thor: Ragnarok,Ego the Living Planet,0,17.5,17,17
Thor: Ragnarok,Emil Blonsky,0,18.5,17,17
Thor: Ragnarok,Erik Selvig,0,24,17,17
Thor: Ragnarok,Fandral,0.5,9.5,17,17
Thor: Ragnarok,Frigga,0,6,17,17
Thor: Ragnarok,Gamora,0,55,17,17
Thor: Ragnarok,Gen. Thaddeus Ross,0,17.75,17,17
Thor: Ragnarok,Grandmaster,6,6,17,17
Thor: Ragnarok,Groot,0,29.5,17,17
Thor: Ragnarok,Hank Pym,0,24.75,17,17
Thor: Ragnarok,Happy Hogan,0,17.75,17,17
Thor: Ragnarok,Harley Keener,0,6.25,17,17
Thor: Ragnarok,Heimdall,4.5,13.5,17,17
Thor: Ragnarok,Hela,12.25,12.25,17,17
Thor: Ragnarok,Ho Yinsen,0,11,17,17
Thor: Ragnarok,Hogun,0.75,8.25,17,17
Thor: Ragnarok,Hope van Dyne,0,15.75,17,17
Thor: Ragnarok,Howard Stark,0,8.75,17,17
Thor: Ragnarok,Ivan Vanko,0,20.75,17,17
Thor: Ragnarok,Jane Foster,0,46,17,17
Thor: Ragnarok,Jasper Sitwell,0,5.5,17,17
Thor: Ragnarok,Johann Schmidt,0,15.5,17,17
Thor: Ragnarok,Justin Hammer,0,16.5,17,17
Thor: Ragnarok,Kaecilius,0,12.75,17,17
Thor: Ragnarok,King Laufey,0,3.5,17,17
Thor: Ragnarok,Korg,3.75,3.75,17,17
Thor: Ragnarok,Kraglin,0,6.5,17,17
Thor: Ragnarok,Laura Barton,0,3.75,17,17
Thor: Ragnarok,Liz Allan,0,9.75,17,17
Thor: Ragnarok,Loki,15,75.25,17,17
Thor: Ragnarok,Luis,0,7,17,17
Thor: Ragnarok,Malekith the Accursed,0,8.75,17,17
Thor: Ragnarok,Mantis,0,11,17,17
Thor: Ragnarok,Maria Hill,0,11.75,17,17
Thor: Ragnarok,May Parker,0,5,17,17
Thor: Ragnarok,Maya Hansen,0,8.75,17,17
Thor: Ragnarok,Natasha Romanoff,0.25,89,17,17
Thor: Ragnarok,Nebula,0,15,17,17
Thor: Ragnarok,Ned Leeds,0,13.75,17,17
Thor: Ragnarok,Nick Fury,0,43.75,17,17
Thor: Ragnarok,Obadiah Stane,0,22,17,17
Thor: Ragnarok,Odin,3.5,23.75,17,17
Thor: Ragnarok,Paxton,0,4.5,17,17
Thor: Ragnarok,Peggy Carter,0,20.5,17,17
Thor: Ragnarok,Pepper Potts,0,64,17,17
Thor: Ragnarok,Peter Parker,0,84.75,17,17
Thor: Ragnarok,Peter Quill,0,82.5,17,17
Thor: Ragnarok,Pietro Maximoff,0,10.25,17,17
Thor: Ragnarok,Raza,0,6,17,17
Thor: Ragnarok,Rocket Raccoon,0,39.25,17,17
Thor: Ragnarok,Ronan the Accuser,0,7.75,17,17
Thor: Ragnarok,Sam Wilson,0,28,17,17
Thor: Ragnarok,Samuel Sterns,0,7.5,17,17
Thor: Ragnarok,Savin,0,6,17,17
Thor: Ragnarok,Scott Lang,0,56,17,17
Thor: Ragnarok,Sharon Carter,0,7.5,17,17
Thor: Ragnarok,Sif,0,11.5,17,17
Thor: Ragnarok,Skurge,6.75,6.75,17,17
Thor: Ragnarok,Steve Rogers,0,205.25,17,17
Thor: Ragnarok,T'Challa,0,11.5,17,17
Thor: Ragnarok,Taserface,0,4.25,17,17
Thor: Ragnarok,The Collector,0,3.75,17,17
Thor: Ragnarok,Thor,57,167.25,17,17
Thor: Ragnarok,Tinkerer,0,3.75,17,17
Thor: Ragnarok,Tony Stark,0,306,17,17
Thor: Ragnarok,Trevor Slattery,0,7.5,17,17
Thor: Ragnarok,Ultron,0,16.75,17,17
Thor: Ragnarok,Valkyrie,15.5,15.5,17,17
Thor: Ragnarok,Vision,0,13.5,17,17
Thor: Ragnarok,Volstagg,0.5,10.25,17,17
Thor: Ragnarok,Wanda Maximoff,0,23,17,17
Thor: Ragnarok,Wong,0,7,17,17
Thor: Ragnarok,Yondu Udonta,0,22.25,17,17
Thor: Ragnarok,Zemo,0,10.5,17,17
Thor: The Dark World,Adrian Toomes,0,19,8,8
Thor: The Dark World,Agent Phil Coulson,0,18.75,8,8
Thor: The Dark World,Aldrich Killian,0,12,8,8
Thor: The Dark World,Alexander Pierce,0,12.75,8,8
Thor: The Dark World,Algrim,6.25,6.25,8,8
Thor: The Dark World,Ancient One,0,17.25,8,8
Thor: The Dark World,Arnim Zola,0,10.5,8,8
Thor: The Dark World,Ayesha,0,3.5,8,8
Thor: The Dark World,Baron Mordo,0,17.75,8,8
Thor: The Dark World,Betty Ross,0,27,8,8
Thor: The Dark World,Bruce Banner,0,112.75,8,8
Thor: The Dark World,Bucky Barnes,0,43.5,8,8
Thor: The Dark World,Cassandra Lang,0,4.5,8,8
Thor: The Dark World,Chester Phillips,0,9.25,8,8
Thor: The Dark World,Christine Everhart,0,5.25,8,8
Thor: The Dark World,Christine Palmer,0,12.75,8,8
Thor: The Dark World,Clint Barton,0,32.5,8,8
Thor: The Dark World,Col. James Rhodes,0,46.5,8,8
Thor: The Dark World,Crossbones,0,8.5,8,8
Thor: The Dark World,Darcy Lewis,8.75,17.25,8,8
Thor: The Dark World,Darren Cross,0,14.5,8,8
Thor: The Dark World,Dr. Abraham Erskine,0,8.5,8,8
Thor: The Dark World,Dr. Helen Cho,0,3.25,8,8
Thor: The Dark World,Dr. Stephen Strange,0,76.25,8,8
Thor: The Dark World,Drax the Destroyer,0,34.5,8,8
Thor: The Dark World,Ego the Living Planet,0,17.5,8,8
Thor: The Dark World,Emil Blonsky,0,18.5,8,8
Thor: The Dark World,Erik Selvig,6.5,24,8,8
Thor: The Dark World,Fandral,2,9.5,8,8
Thor: The Dark World,Frigga,4,6,8,8
Thor: The Dark World,Gamora,0,55,8,8
Thor: The Dark World,Gen. Thaddeus Ross,0,17.75,8,8
Thor: The Dark World,Grandmaster,0,6,8,8
Thor: The Dark World,Groot,0,29.5,8,8
Thor: The Dark World,Hank Pym,0,24.75,8,8
Thor: The Dark World,Happy Hogan,0,17.75,8,8
Thor: The Dark World,Harley Keener,0,6.25,8,8
Thor: The Dark World,Heimdall,4.25,13.5,8,8
Thor: The Dark World,Hela,0,12.25,8,8
Thor: The Dark World,Ho Yinsen,0,11,8,8
Thor: The Dark World,Hogun,1,8.25,8,8
Thor: The Dark World,Hope van Dyne,0,15.75,8,8
Thor: The Dark World,Howard Stark,0,8.75,8,8
Thor: The Dark World,Ivan Vanko,0,20.75,8,8
Thor: The Dark World,Jane Foster,25,46,8,8
Thor: The Dark World,Jasper Sitwell,0,5.5,8,8
Thor: The Dark World,Johann Schmidt,0,15.5,8,8
Thor: The Dark World,Justin Hammer,0,16.5,8,8
Thor: The Dark World,Kaecilius,0,12.75,8,8
Thor: The Dark World,King Laufey,0,3.5,8,8
Thor: The Dark World,Korg,0,3.75,8,8
Thor: The Dark World,Kraglin,0,6.5,8,8
Thor: The Dark World,Laura Barton,0,3.75,8,8
Thor: The Dark World,Liz Allan,0,9.75,8,8
Thor: The Dark World,Loki,17.5,75.25,8,8
Thor: The Dark World,Luis,0,7,8,8
Thor: The Dark World,Malekith the Accursed,8.75,8.75,8,8
Thor: The Dark World,Mantis,0,11,8,8
Thor: The Dark World,Maria Hill,0,11.75,8,8
Thor: The Dark World,May Parker,0,5,8,8
Thor: The Dark World,Maya Hansen,0,8.75,8,8
Thor: The Dark World,Natasha Romanoff,0,89,8,8
Thor: The Dark World,Nebula,0,15,8,8
Thor: The Dark World,Ned Leeds,0,13.75,8,8
Thor: The Dark World,Nick Fury,0,43.75,8,8
Thor: The Dark World,Obadiah Stane,0,22,8,8
Thor: The Dark World,Odin,9,23.75,8,8
Thor: The Dark World,Paxton,0,4.5,8,8
Thor: The Dark World,Peggy Carter,0,20.5,8,8
Thor: The Dark World,Pepper Potts,0,64,8,8
Thor: The Dark World,Peter Parker,0,84.75,8,8
Thor: The Dark World,Peter Quill,0,82.5,8,8
Thor: The Dark World,Pietro Maximoff,0,10.25,8,8
Thor: The Dark World,Raza,0,6,8,8
Thor: The Dark World,Rocket Raccoon,0,39.25,8,8
Thor: The Dark World,Ronan the Accuser,0,7.75,8,8
Thor: The Dark World,Sam Wilson,0,28,8,8
Thor: The Dark World,Samuel Sterns,0,7.5,8,8
Thor: The Dark World,Savin,0,6,8,8
Thor: The Dark World,Scott Lang,0,56,8,8
Thor: The Dark World,Sharon Carter,0,7.5,8,8
Thor: The Dark World,Sif,3.25,11.5,8,8
Thor: The Dark World,Skurge,0,6.75,8,8
Thor: The Dark World,Steve Rogers,0,205.25,8,8
Thor: The Dark World,T'Challa,0,11.5,8,8
Thor: The Dark World,Taserface,0,4.25,8,8
Thor: The Dark World,The Collector,1.25,3.75,8,8
Thor: The Dark World,Thor,35,167.25,8,8
Thor: The Dark World,Tinkerer,0,3.75,8,8
Thor: The Dark World,Tony Stark,0,306,8,8
Thor: The Dark World,Trevor Slattery,0,7.5,8,8
Thor: The Dark World,Ultron,0,16.75,8,8
Thor: The Dark World,Valkyrie,0,15.5,8,8
Thor: The Dark World,Vision,0,13.5,8,8
Thor: The Dark World,Volstagg,2.75,10.25,8,8
Thor: The Dark World,Wanda Maximoff,0,23,8,8
Thor: The Dark World,Wong,0,7,8,8
Thor: The Dark World,Yondu Udonta,0,22.25,8,8
Thor: The Dark World,Zemo,0,10.5,8,8